Data,Otwarcie,Najwyzszy,Najnizszy,Zamkniecie,Wolumen
2018-01-03,2193.95,2213.05,2189.66,2199.78,695779
2018-01-04,2205.3,2215.75,2195.3,2206.23,1863194
2018-01-05,2200.95,2221.1,2200.95,2221.1,1002827
2018-01-08,2220.72,2237.35,2214.85,2237.35,1571760
2018-01-09,2241.38,2275.3,2241.38,2269.08,3726463
2018-01-10,2271.91,2278.6,2257.55,2263.61,1459805
2018-01-11,2270.58,2280.86,2259.81,2280.86,1083596
2018-01-12,2279.47,2281.03,2263.63,2269.53,859216
2018-01-15,2271.55,2277.94,2261.3,2261.3,1198072
2018-01-16,2274.75,2281.46,2264.78,2272.79,3513227
2018-01-17,2264.96,2266.41,2255.98,2256.02,1354959
2018-01-18,2252.87,2273.87,2247.53,2273.87,3845244
2018-01-19,2276.28,2284.44,2259.15,2279.51,3324021
2018-01-22,2280.23,2280.84,2264.81,2272.55,1529851
2018-01-23,2276.13,2287.14,2272.2,2277.32,1594829
2018-01-24,2281.81,2283.88,2272.01,2277.15,1347107
2018-01-25,2276.17,2291.22,2272.2,2282.93,1287222
2018-01-26,2277.57,2292.47,2276.34,2285.93,1791382
2018-01-29,2294.69,2302.26,2291.11,2295.2,3550700
2018-01-30,2288.6,2300.55,2282.85,2300.55,2053209
2018-01-31,2284.47,2298.62,2284.47,2295.07,1508818
2018-02-01,2300.64,2300.64,2262.05,2273.32,1076021
2018-02-02,2271.43,2282.68,2259.45,2282.68,1356993
2018-02-05,2280.02,2280.57,2248.83,2266.78,2131165
2018-02-06,2187.47,2218.27,2181.12,2218.27,3546044
2018-02-07,2227.74,2236.78,2203.02,2216.97,1414643
2018-02-08,2226.41,2248.54,2221.31,2248.54,1400222
2018-02-09,2212.49,2236.45,2200.32,2223.49,575605
2018-02-12,2227.15,2238.13,2218.57,2224.01,1771412
2018-02-13,2231.48,2232.51,2222.41,2224.8,481337
2018-02-14,2233.61,2259.63,2224.64,2250.34,1088342
2018-02-15,2254.28,2268.03,2240.75,2245.68,890196
2018-02-16,2241.38,2252.96,2224.32,2235.73,1786047
2018-02-19,2235.55,2237.81,2219.89,2219.89,1343729
2018-02-20,2223.93,2229.01,2210.91,2229.01,1170283
2018-02-21,2220.66,2233.02,2204.12,2206.79,673105
2018-02-22,2197.96,2213.88,2196.09,2209.05,1179323
2018-02-23,2210.81,2223.12,2201.07,2214.04,763115
2018-02-26,2220.99,2231.47,2202.98,2205.22,900902
2018-02-27,2204.12,2210.7,2189.38,2210.7,1190044
2018-02-28,2210.56,2218.02,2183.15,2196.27,2218506
2018-03-01,2188.08,2190.65,2166.3,2172.06,785023
2018-03-02,2168.39,2189.72,2168.39,2178.38,924716
2018-03-05,2180.76,2185.36,2166.57,2185.36,235867
2018-03-06,2189.29,2189.63,2165.72,2176.32,1072136
2018-03-07,2180.74,2199.56,2178.47,2194.9,1191127
2018-03-08,2189.84,2197.42,2182,2183.62,640337
2018-03-09,2195.2,2211.18,2189.98,2201.87,408639
2018-03-12,2213.08,2226.6,2211,2212.58,914120
2018-03-13,2224.88,2235.72,2218.88,2218.88,973434
2018-03-14,2219.58,2225.19,2207.36,2225.19,654886
2018-03-15,2231.33,2231.33,2210.52,2220.28,654542
2018-03-16,2222.9,2222.9,2204.88,2210.32,741686
2018-03-19,2210.34,2219.62,2200.24,2208.58,332682
2018-03-20,2209.03,2214.35,2205.08,2214.35,390716
2018-03-21,2226.33,2244.9,2216.9,2231.59,964296
2018-03-22,2229.99,2234.82,2209.54,2216,575266
2018-03-23,2202.94,2207.53,2190.55,2207.53,1083376
2018-03-26,2205.18,2220.07,2201.15,2215.79,381725
2018-03-27,2216.72,2219.87,2185.23,2197.37,380372
2018-03-28,2196.37,2196.7,2164.93,2179.28,1691348
2018-03-29,2176.75,2202.41,2168.08,2202.41,891705
2018-04-03,2187.94,2214.27,2187.8,2202.02,842620
2018-04-04,2217.21,2222.74,2187.34,2194.93,932713
2018-04-05,2203.03,2209.6,2188.4,2205.27,819593
2018-04-06,2203.38,2203.38,2183.23,2199.01,267061
2018-04-09,2193.69,2214.98,2193.69,2208.8,584876
2018-04-10,2215.45,2216.21,2191.72,2194.84,606531
2018-04-11,2198.07,2208.46,2185.38,2191.21,597005
2018-04-12,2193,2202.33,2181.96,2202.33,795494
2018-04-13,2199.27,2213.46,2198.08,2213.46,546016
2018-04-16,2210.24,2213.92,2193.61,2208.65,457793
2018-04-17,2211.69,2212.33,2196.33,2205.66,623969
2018-04-18,2207.85,2219.83,2197.94,2219.83,1134699
2018-04-19,2216.81,2239.47,2213.97,2220.18,517762
2018-04-20,2222.61,2226.99,2212.16,2222.91,1033875
2018-04-23,2221.22,2223.11,2207.67,2217.36,858016
2018-04-24,2209.75,2219.49,2197.21,2208.63,2157832
2018-04-25,2200.92,2210.24,2192.03,2197.38,1379552
2018-04-26,2203.49,2224.14,2203.49,2205.28,929578
2018-04-27,2212.79,2219.88,2200.39,2219.88,1317143
2018-04-30,2217.03,2217.3,2204.79,2211.94,1018311
2018-05-02,2224.15,2224.38,2203.48,2212.49,425718
2018-05-04,2209.75,2213.9,2180.64,2195.91,398053
2018-05-07,2188.28,2198.22,2185.06,2198.22,559195
2018-05-08,2194.77,2199.35,2164.18,2170.68,1029088
2018-05-09,2171.44,2173.46,2159.82,2168.98,496689
2018-05-10,2176.27,2178.61,2157.65,2164.49,579969
2018-05-11,2170.95,2194.44,2161.07,2194.44,946060
2018-05-14,2192.42,2200.46,2181.96,2182.65,1032717
2018-05-15,2182.12,2193.65,2159.41,2167.43,1384245
2018-05-16,2167.05,2189.95,2166.19,2174.98,8323366
2018-05-17,2170.32,2189.63,2150.59,2183.78,1032587
2018-05-18,2179.85,2182.79,2160.17,2181.56,3633339
2018-05-21,2175.3,2180.45,2167.76,2170.83,569472
2018-05-22,2172.66,2181.12,2163.4,2168.84,2297065
2018-05-23,2170.35,2177.55,2126.78,2134.24,2974921
2018-05-24,2133.14,2141.75,2101.7,2124.01,1322489
2018-05-25,2140.13,2140.4,2093.04,2102.64,845994
2018-05-28,2097.78,2137.88,2094.96,2137.88,1341990
2018-05-29,2113.74,2130.67,2110.23,2125.78,1089929
2018-05-30,2122.21,2147.27,2097.12,2147.27,1843702
2018-06-01,2156.82,2164.9,2144.27,2159.57,286246
2018-06-04,2167.47,2167.84,2142.87,2145.77,661790
2018-06-05,2143.4,2173.73,2141.73,2169.36,495838
2018-06-06,2175.41,2181.43,2156.17,2163.92,329185
2018-06-07,2170.79,2196.68,2166.88,2196.68,643992
2018-06-08,2184.47,2186.68,2173.7,2183.97,922561
2018-06-11,2189.51,2196.78,2180.24,2193.55,374454
2018-06-12,2198.06,2204.16,2178.39,2182.38,445145
2018-06-13,2192.56,2203.84,2179.95,2196.17,621794
2018-06-14,2199.55,2199.55,2174.34,2178.88,1511701
2018-06-15,2193.87,2193.87,2153.66,2157.99,1490761
2018-06-18,2156.5,2174.63,2125.84,2128.16,1808233
2018-06-19,2119.38,2138.31,2118.59,2138.31,658951
2018-06-20,2127.73,2146.7,2121.25,2133.72,933789
2018-06-21,2128.18,2133.54,2110.55,2116.3,704950
2018-06-22,2112.46,2135.44,2110.11,2113.57,3324535
2018-06-25,2116.2,2133.03,2106.8,2107.75,5271644
2018-06-26,2108.52,2112.27,2087.5,2103.47,2552460
2018-06-27,2103.89,2111.94,2069.31,2089.73,10791306
2018-06-28,2083.08,2102.34,2070.5,2102.34,7270459
2018-06-29,2100.88,2104.86,2086.57,2088.32,1059875
2018-07-02,2100.07,2101.32,2084.11,2094.3,898555
2018-07-03,2105.95,2127.39,2103.67,2123.59,1930398
2018-07-04,2139.82,2141.45,2117.8,2137.27,462150
2018-07-05,2140.75,2146.49,2106.91,2122.13,1941921
2018-07-06,2131.59,2131.59,2096.75,2105.23,766251
2018-07-09,2109.74,2117.2,2097.51,2109.74,357288
2018-07-10,2109.11,2109.11,2087.94,2102.98,345649
2018-07-11,2088.51,2091.3,2060.4,2084.49,896015
2018-07-12,2078.62,2084.02,2061.63,2071.38,602657
2018-07-13,2061.9,2080.93,2060.95,2075.72,468256
2018-07-16,2083.99,2090.72,2068.08,2090.72,151349
2018-07-17,2087.24,2092.15,2068.18,2083.42,519265
2018-07-18,2073.34,2094.21,2072.52,2094.21,544684
2018-07-19,2084.37,2100.15,2081.64,2097.36,623897
2018-07-20,2087.21,2110.18,2081.11,2096.83,1439445
2018-07-23,2106.68,2110.19,2087.14,2093.88,284097
2018-07-24,2094.66,2114.49,2081.11,2091.81,478114
2018-07-25,2096.2,2103.57,2085.89,2093.73,700306
2018-07-26,2100,2110.96,2088.47,2110.52,663109
2018-07-27,2113.07,2136.12,2111.46,2130.23,1570198
2018-07-30,2125.87,2137.36,2113.7,2124.52,754026
2018-07-31,2134.93,2141.02,2117.55,2141.02,1054309
2018-08-01,2139.96,2139.96,2107.89,2134.81,500949
2018-08-02,2129.25,2129.36,2100.76,2115.49,210209
2018-08-03,2117.07,2119.92,2107.13,2117.76,766067
2018-08-06,2120.2,2121.87,2098.62,2100.86,808050
2018-08-07,2110.17,2116.28,2081.78,2091.85,7796997
2018-08-08,2098.58,2115.02,2098.03,2111.14,1093939
2018-08-09,2104.9,2104.9,2087.98,2092.98,756096
2018-08-10,2102.33,2103.34,2077.98,2095.16,517047
2018-08-13,2095.64,2097.04,2076.87,2076.87,152075
2018-08-14,2080.86,2095.29,2079.22,2082.7,997453
2018-08-16,2070.24,2080.19,2068.19,2071.28,360947
2018-08-17,2071.67,2084.79,2061.71,2073.4,875531
2018-08-20,2083.5,2083.5,2042.42,2055.66,347853
2018-08-21,2052.13,2078.89,2051.39,2066.69,588627
2018-08-22,2073.86,2082.5,2060.01,2080.03,3512252
2018-08-23,2094.87,2120.09,2075.76,2120.09,666040
2018-08-24,2110.13,2131.56,2109.02,2126.9,542944
2018-08-27,2114.6,2132.5,2107.72,2109.7,1140125
2018-08-28,2106.52,2125.98,2099.63,2108.78,291555
2018-08-29,2110.34,2121.49,2103.74,2121.49,622783
2018-08-30,2128.51,2134.21,2105.82,2121.08,700472
2018-08-31,2109.64,2109.64,2078.12,2091.8,3673389
2018-09-03,2095.12,2098.7,2056.65,2065.39,5153066
2018-09-04,2045.03,2048.6,2009.02,2024.32,4745506
2018-09-05,2034.56,2042.69,2009.62,2011.7,2807256
2018-09-06,2011.41,2021.33,1991.17,1991.92,1898372
2018-09-07,1995.97,2002.59,1968.08,1978.36,1141327
2018-09-10,1983.87,1994.53,1965.98,1982.6,2114120
2018-09-11,1996.04,2015.32,1972.15,2015.32,1039399
2018-09-12,2021.35,2033.28,1983.92,1992.37,1524118
2018-09-13,1990.76,2028.77,1990.76,2028.77,1044040
2018-09-14,2016.63,2022.47,2006.99,2015.72,871963
2018-09-17,2021.91,2025.29,1999.96,2012.44,371114
2018-09-18,2023.05,2024.16,2009.24,2015.91,3851939
2018-09-19,2010.87,2035.91,2010.34,2035.37,1241243
2018-09-20,2039.5,2061.28,2036.84,2048.38,12071268
2018-09-21,2049.38,2053.91,2036.27,2036.27,5307949
2018-09-24,2042.46,2067.43,2035.95,2067.43,4557946
2018-09-25,2074.06,2077,2064.58,2064.88,626916
2018-09-26,2055.14,2066.57,2043.02,2046.08,977370
2018-09-27,2055.88,2063.07,2043.51,2050.74,1573105
2018-09-28,2059.17,2068.63,2021.98,2033.93,1446290
2018-10-01,2041.21,2055.67,2040.95,2046.23,700193
2018-10-02,2049.41,2049.41,2032.01,2045.35,7297112
2018-10-03,2044.08,2051.06,2027.57,2041.3,1089759
2018-10-04,2049.52,2069.36,2042.93,2051.9,1445876
2018-10-05,2047.18,2047.18,2028.85,2039.72,1299501
2018-10-08,2032.82,2038.94,2023.26,2038.94,1434255
2018-10-09,2039.98,2041.39,2021.59,2037.05,2164746
2018-10-10,2033.44,2033.44,1979.41,1994.59,1589127
2018-10-11,1970.62,1988.18,1961.67,1982.07,859527
2018-10-12,1992.5,2006.14,1973.06,1981.14,1319954
2018-10-15,1988.48,1996.42,1981.05,1982.15,1258582
2018-10-16,1978.28,1997.45,1976.78,1982.83,888498
2018-10-17,1990.56,2015.16,1987.57,2005.64,1221516
2018-10-18,2001.54,2006.73,1990.61,1997.38,563090
2018-10-19,1989.04,1989.04,1962.67,1962.67,1502266
2018-10-22,1981.28,1988,1965.93,1985.77,960813
2018-10-23,1974.03,1974.16,1950.61,1965.18,658054
2018-10-24,1969.69,1970.55,1958.58,1958.89,495930
2018-10-25,1944.5,1950.27,1919.25,1938.73,389410
2018-10-26,1942.28,1958.95,1925.66,1925.66,1021377
2018-10-29,1924.22,1961.24,1923.97,1956.44,620224
2018-10-30,1952.9,1966.75,1941.14,1953.54,466883
2018-10-31,1957.45,1972.74,1947.59,1966.31,512769
2018-11-02,2034.07,2047.67,2024.33,2024.33,2863528
2018-11-05,2035.8,2041.94,2018.15,2031.5,706356
2018-11-06,2030.88,2034.33,2009.51,2021.93,872072
2018-11-07,2011.63,2033.75,1979.34,1980.39,1195173
2018-11-08,1992.36,2008.2,1984.8,1999.34,530653
2018-11-09,2009.52,2011.24,1988.8,2011.12,500851
2018-11-13,2012.27,2013.91,1989.85,2003.91,299716
2018-11-14,2002.79,2018.6,1985.46,2018.6,455522
2018-11-15,2016.6,2028.99,2014.66,2024.97,1115406
2018-11-16,2019.72,2021.52,1986.92,2019.27,999937
2018-11-19,2016.79,2017.05,1983.87,1997.12,1060989
2018-11-20,1989.54,2008.25,1969.14,1972.89,2199107
2018-11-21,1976.16,1997.97,1969.39,1991.62,1521030
2018-11-22,1997.83,2006.54,1984.25,2006.33,1582492
2018-11-23,2005.62,2022.8,2003.44,2021.81,1069527
2018-11-26,2016.86,2051.99,2016.86,2041.56,1228431
2018-11-27,2042.43,2043.42,2024.96,2037.88,1328395
2018-11-28,2038.18,2043.58,2014.04,2031.3,937560
2018-11-29,2036.29,2039.34,2015.62,2023,587869
2018-11-30,2015.44,2027.36,2014.24,2022.34,1764753
2018-12-03,2017.45,2053.59,2017.45,2035.18,1457780
2018-12-04,2001.66,2010.18,1994.73,2002.72,1385560
2018-12-05,2000.93,2012.85,1996.98,2012.8,1291368
2018-12-06,2007.57,2009.89,1989.68,1993.27,430040
2018-12-07,1991.21,2005.12,1989.05,2000.32,564279
2018-12-10,1996.39,1998.27,1972.4,1978.77,631965
2018-12-11,1987.4,1990.27,1965.7,1971.68,913847
2018-12-12,1977.29,2002.14,1967.26,2002.14,659103
2018-12-13,2006.02,2015.99,1995.61,2015.75,1369861
2018-12-14,2021.41,2021.41,1988.62,1996.34,1083512
2018-12-17,2006.86,2006.86,1948.75,1963.22,833388
2018-12-18,1969.63,1970.18,1922.77,1926.33,1969445
2018-12-19,1925.15,1941.7,1909.04,1935.42,1007046
2018-12-20,1924.61,1937.8,1920.95,1934.11,1026908
2018-12-21,1923.65,1930.43,1903.16,1904.65,1298208
2018-12-27,1926.28,1929.78,1900.03,1908.12,705297
2018-12-28,1915.8,1947.31,1902.33,1911.66,1911675
2019-01-02,1919.36,1929.05,1897.2,1917.58,367240
2019-01-03,1923.56,1933.45,1893.67,1896.12,529454
2019-01-04,1928.87,1928.87,1901.67,1910.65,593083
2019-01-07,1927.81,1935.18,1915.5,1935.18,812363
2019-01-08,1928.17,1958.15,1928.17,1957.52,317043
2019-01-09,1963.5,1984.46,1958.39,1978.61,509727
2019-01-10,1978.87,1978.87,1963.76,1971.02,678032
2019-01-11,1980.51,1984.58,1972.17,1978.72,334918
2019-01-14,1976.54,1976.54,1955.54,1962.66,397325
2019-01-15,1965.48,1985.72,1965.11,1970.14,643765
2019-01-16,1979.26,2004.11,1968.7,1997.32,676128
2019-01-17,2007.68,2012.07,1983.96,1994.86,1005790
2019-01-18,1999.66,2025.3,1999.57,2023.28,786000
2019-01-21,2010.52,2023.69,2001.91,2014.24,286816
2019-01-22,2015.41,2023.35,1998.31,2001.13,695926
2019-01-23,2002.58,2030.54,2001.81,2030.54,426428
2019-01-24,2037.45,2065.47,2030.72,2055.13,733178
2019-01-25,2064.57,2067.04,2055.82,2065.09,310569
2019-01-28,2065.49,2074.33,2051.32,2055.6,479790
2019-01-29,2070.33,2073.38,2056.4,2071.26,282542
2019-01-30,2071.74,2078.2,2070.03,2076.09,429009
2019-01-31,2083.35,2093.02,2073.45,2081.82,933466
2019-02-01,2094.97,2098.94,2076.24,2098.31,884202
2019-02-04,2112.11,2120.96,2105.04,2115.19,347390
2019-02-05,2116.53,2125.42,2103.67,2122.71,996411
2019-02-06,2115.23,2124.81,2113.2,2121.14,1367755
2019-02-07,2125.78,2125.78,2094.57,2116.89,673130
2019-02-08,2115.54,2122.08,2102.22,2122.08,863155
2019-02-11,2125.98,2144.42,2118.21,2138.97,1070739
2019-02-12,2143.13,2150.62,2124.12,2134.29,6913903
2019-02-13,2143.24,2148.77,2116.88,2128.29,636381
2019-02-14,2128.95,2137.45,2118.32,2118.32,359374
2019-02-15,2124.08,2128.13,2112.29,2115.34,577076
2019-02-18,2124.38,2140.97,2101.08,2124.88,1235452
2019-02-19,2128.52,2128.52,2094.11,2106.94,1479889
2019-02-20,2116.15,2125.62,2093.42,2125.62,2095297
2019-02-21,2127.39,2133.13,2113.84,2130.12,1325650
2019-02-22,2138.07,2142.17,2101.77,2108.14,759269
2019-02-25,2111.11,2134.38,2111.11,2119.5,1137293
2019-02-26,2121.62,2132.73,2118.54,2132.65,1544434
2019-02-27,2139,2151.05,2121.48,2124.6,23791476
2019-02-28,2125.34,2133.35,2107.47,2132.24,320531
2019-03-01,2138.97,2153.9,2136.85,2149.96,875731
2019-03-04,2149.45,2155.09,2133.47,2133.47,304266
2019-03-05,2131.69,2152.6,2126.68,2141,734207
2019-03-06,2137.17,2155.53,2125.45,2155.53,743796
2019-03-07,2143.79,2152.98,2138.28,2151.7,530672
2019-03-08,2151.27,2168.97,2141.69,2166.24,322062
2019-03-11,2152.64,2166.66,2147.18,2161.89,1416362
2019-03-12,2157.8,2184.54,2157.74,2184.54,1335816
2019-03-13,2166.99,2184.37,2160.37,2184.37,531123
2019-03-14,2192.27,2192.27,2173.76,2183.81,650337
2019-03-15,2179.21,2203.81,2179.21,2203.81,1339121
2019-03-18,2209.76,2209.92,2183.96,2190.12,698417
2019-03-19,2190.31,2198.74,2181.75,2185.99,747473
2019-03-20,2198.79,2202.54,2179.27,2196.24,443616
2019-03-21,2208.54,2224.48,2190.84,2223.52,1107100
2019-03-22,2215.82,2233.14,2215.82,2226.23,1092498
2019-03-25,2209.33,2217.84,2176.41,2201.15,844667
2019-03-26,2199.38,2212.77,2197.87,2205.51,711159
2019-03-27,2218.01,2229.07,2190.88,2210.73,1160646
2019-03-28,2204.16,2217.91,2184.88,2217.45,300790
2019-03-29,2208.17,2213.04,2182.19,2213.04,797894
2019-04-01,2210.3,2236.32,2208.46,2236.32,317092
2019-04-02,2237.24,2242.8,2213.14,2235.5,297035
2019-04-03,2226.4,2244.82,2226.4,2237.56,430446
2019-04-04,2236.7,2238.73,2218.23,2224.51,370782
2019-04-05,2221.08,2229.88,2201.92,2205.49,564463
2019-04-08,2211.41,2227.51,2199.81,2221.38,332248
2019-04-09,2226.28,2245.78,2226.28,2245.78,790971
2019-04-10,2249.28,2250.95,2213.5,2226.73,887472
2019-04-11,2273.27,2273.27,2230.86,2233.24,812264
2019-04-12,2236.44,2236.44,2207.84,2216.59,516116
2019-04-15,2211.55,2213.52,2173.62,2186.05,489595
2019-04-16,2189.22,2189.22,2169.1,2174.53,326320
2019-04-17,2180.61,2181.79,2156.96,2166.99,333434
2019-04-18,2174.97,2179.05,2153.4,2166.41,389039
2019-04-23,2166.22,2168.35,2148.62,2151.17,368047
2019-04-24,2157.59,2174.87,2157.49,2164.95,348500
2019-04-25,2167.17,2167.79,2146.16,2158.49,359987
2019-04-26,2163.02,2174.88,2148.07,2174.88,381039
2019-04-29,2178.13,2179.11,2163.2,2171.38,230961
2019-04-30,2175.7,2177.16,2153.29,2155.26,292524
2019-05-02,2148.17,2160.06,2135.12,2137.69,161532
2019-05-06,2126.84,2139.94,2113.36,2136.27,490995
2019-05-07,2131.38,2145.04,2102.63,2110.05,202154
2019-05-08,2108.14,2123.41,2104.49,2107,158304
2019-05-09,2115.14,2116.14,2082.87,2108,1030489
2019-05-10,2100.82,2111.35,2086.64,2106.59,466798
2019-05-13,2101.31,2101.31,2070.79,2083.66,286349
2019-05-14,2099.79,2121.38,2091.4,2115.06,433270
2019-05-15,2129.04,2129.96,2105.72,2120.57,634122
2019-05-16,2104.86,2124.61,2104.86,2122.79,609239
2019-05-17,2119.44,2123.24,2108.45,2119.54,288792
2019-05-20,2115.44,2117.69,2104.3,2106.66,249221
2019-05-21,2120.03,2132.09,2115.56,2132.09,705620
2019-05-22,2129.48,2135.97,2113.43,2135.97,541713
2019-05-23,2141.4,2141.4,2102.64,2110.65,339554
2019-05-24,2118.54,2128.38,2108.66,2128.38,179026
2019-05-27,2129.09,2141.09,2127.52,2138.36,276719
2019-05-28,2139.21,2139.59,2115.92,2126.33,473161
2019-05-29,2114.53,2114.53,2091.66,2097.26,302890
2019-05-30,2098.76,2116.07,2098.76,2106.35,665329
2019-05-31,2095.93,2104.5,2085.48,2104.49,555662
2019-06-03,2098.68,2120.97,2096.19,2110.54,578529
2019-06-04,2118.5,2119.04,2106.33,2119.04,717625
2019-06-05,2127.51,2127.51,2102.73,2116.34,215760
2019-06-06,2121.95,2130.71,2110.86,2114.61,283435
2019-06-07,2094.1,2125.56,2094.1,2110.08,313990
2019-06-10,2126.03,2133.35,2103.03,2117.09,517997
2019-06-11,2115,2146.29,2115,2145.09,450572
2019-06-12,2134.39,2166.98,2134.39,2166.98,955681
2019-06-13,2156.99,2212.74,2153.13,2210.43,1932150
2019-06-14,2190.21,2212.27,2190.21,2209.9,735160
2019-06-17,2197.17,2223.55,2197.17,2219.19,1409277
2019-06-18,2217.01,2238.3,2210.7,2237.15,658718
2019-06-19,2241.15,2250.82,2222.04,2228.29,506931
2019-06-21,2234.36,2246.22,2184.3,2199.27,800223
2019-06-24,2199.61,2201.34,2178.25,2186.23,405134
2019-06-25,2193.29,2195.45,2173.48,2182.36,479538
2019-06-26,2184.31,2199.92,2175.81,2199.92,420642
2019-06-27,2190.36,2224.8,2176.43,2223,546955
2019-06-28,2237.9,2245.46,2223.44,2245.46,388796
2019-07-01,2246.9,2251.05,2223.32,2230.51,456957
2019-07-02,2243.34,2244.19,2226.38,2231.01,740416
2019-07-03,2237.11,2252.12,2231.17,2250.2,470004
2019-07-04,2260.14,2271.39,2252.73,2264.3,599711
2019-07-05,2270.32,2280.72,2258.35,2265.86,1406709
2019-07-08,2270.32,2300.36,2269.91,2300.36,1369858
2019-07-09,2304.37,2304.72,2268.98,2296.83,1253062
2019-07-10,2301.47,2302.63,2283.89,2299.01,950458
2019-07-11,2301.24,2312.36,2299.3,2305.58,967218
2019-07-12,2306.93,2311.57,2297.51,2297.51,278547
2019-07-15,2290.05,2293.02,2272.32,2280.44,187743
2019-07-16,2287.28,2299.28,2272.82,2293.59,307928
2019-07-17,2278.41,2297.21,2271.3,2286.84,3040805
2019-07-18,2295.44,2297.2,2271.99,2281.64,682579
2019-07-19,2289.71,2290.17,2280.78,2284.95,444001
2019-07-22,2288.6,2298.18,2282.33,2294.84,312639
2019-07-23,2295.58,2295.58,2273.31,2282.55,300348
2019-07-24,2282.54,2295.44,2276.58,2288.13,244067
2019-07-25,2284.24,2317.45,2280.55,2311.81,1578908
2019-07-26,2310.12,2331.11,2296.09,2329.43,987549
2019-07-29,2320.64,2337.96,2313.41,2325.68,1016745
2019-07-30,2299.9,2327.34,2299.9,2318.57,579209
2019-07-31,2334.16,2348.56,2326.07,2335.41,1866376
2019-08-01,2350.8,2351.75,2296.36,2308.37,633981
2019-08-02,2303.4,2313.35,2288.97,2295.47,178353
2019-08-05,2295.55,2295.55,2264.67,2273.52,533592
2019-08-06,2255.05,2286.33,2255.05,2276.7,1163520
2019-08-07,2281.85,2283.08,2242.24,2253.43,1087591
2019-08-08,2256.69,2269.12,2254.51,2269.02,319414
2019-08-09,2267.94,2272.86,2251.39,2257.97,443437
2019-08-12,2262.48,2263.5,2232.21,2237.11,913249
2019-08-13,2231.49,2269.72,2224.45,2266.53,477537
2019-08-14,2252.6,2278.46,2242.66,2255.58,768899
2019-08-16,2259.29,2264.96,2221.15,2246.05,255010
2019-08-19,2248.39,2277.85,2248.39,2277.85,408036
2019-08-20,2274.41,2277.64,2255.17,2267.58,395082
2019-08-21,2273.54,2274.65,2256.25,2256.25,555160
2019-08-22,2268.66,2271.4,2230.88,2230.88,330729
2019-08-23,2257.18,2275.59,2252.87,2270.28,4470019
2019-08-26,2278.79,2288.32,2255.24,2256.98,1829242
2019-08-27,2258.53,2272.99,2258.53,2272.99,363437
2019-08-28,2275.98,2280.45,2242.72,2254.72,1527167
2019-08-29,2249.58,2261.58,2239.61,2261.58,529556
2019-08-30,2254.84,2289,2254.84,2277.83,237080
2019-09-02,2281.1,2303.93,2266.42,2303.93,271485
2019-09-03,2304.83,2314.38,2272.14,2291.58,549686
2019-09-04,2296.01,2315.22,2289.11,2314.15,503458
2019-09-05,2317.08,2338.02,2304.58,2337.54,485266
2019-09-06,2336.82,2336.85,2306.11,2314.45,347523
2019-09-09,2294.56,2350.81,2294.56,2330.19,824396
2019-09-10,2327.99,2350.61,2292.07,2300.73,1276256
2019-09-11,2299.78,2309.34,2293.6,2309.34,1067626
2019-09-12,2316.55,2316.66,2293.86,2295.74,1897010
2019-09-13,2301.87,2304.94,2281.59,2296.68,370569
2019-09-16,2300.31,2307.23,2277.28,2301.75,637041
2019-09-17,2302.06,2302.06,2280.51,2300.64,544700
2019-09-18,2296.31,2310.89,2287.48,2303.65,1235466
2019-09-19,2300.31,2326.13,2300.31,2316.07,1869626
2019-09-20,2325.48,2326.86,2247.44,2271.41,687600
2019-09-23,2278.05,2283.14,2256.37,2272.04,396224
2019-09-24,2278.44,2303.81,2268.41,2303.81,1184872
2019-09-25,2305.37,2305.56,2275.54,2276.69,492638
2019-09-26,2277.56,2289.96,2267.32,2289.96,607340
2019-09-27,2287.98,2302.53,2279.64,2302.53,908821
2019-09-30,2296.2,2307.25,2284.35,2300.65,463505
2019-10-01,2296.97,2309.68,2274.27,2288.28,858398
2019-10-02,2296.01,2299.04,2264.92,2269.35,750416
2019-10-03,2262.56,2284.52,2262.56,2283.98,304344
2019-10-04,2281.83,2306.74,2276.47,2306.74,293762
2019-10-07,2312.48,2317.01,2302.74,2317.01,1043089
2019-10-08,2315.99,2328.28,2315.13,2323.11,796867
2019-10-09,2326.11,2326.87,2307.19,2307.19,854281
2019-10-10,2319.21,2322.16,2307.98,2320.53,476328
2019-10-11,2309.63,2340.05,2305.3,2340.05,590804
2019-10-14,2335.16,2335.16,2320.7,2334.44,179596
2019-10-15,2327.92,2342.77,2315.17,2342.77,930406
2019-10-16,2341.49,2347.46,2328.23,2345.41,527231
2019-10-17,2343.88,2351.08,2308.3,2317.73,1476208
2019-10-18,2313,2317.62,2299.39,2311.73,429008
2019-10-21,2299.82,2316.04,2297.02,2316.04,601080
2019-10-22,2320.8,2320.8,2304,2319.02,388781
2019-10-23,2320.1,2330.46,2315.78,2329.03,482736
2019-10-24,2328.29,2335.24,2319.2,2334.81,496839
2019-10-25,2335.35,2347.79,2324.24,2347.79,227105
2019-10-28,2344.34,2360.66,2340.4,2360.66,1160866
2019-10-29,2365.31,2365.6,2339.24,2350.2,887501
2019-10-30,2362.83,2362.83,2334.25,2346.07,739379
2019-10-31,2335.73,2351.08,2335.73,2342.93,163069
2019-11-04,2346.25,2349.7,2327.04,2343.88,455801
2019-11-05,2352.39,2360.22,2343.54,2349.13,420510
2019-11-06,2366.32,2368.23,2351.87,2354.08,1010223
2019-11-07,2355.84,2362.33,2351.73,2353.43,335023
2019-11-08,2352.17,2360.1,2346.15,2356.63,797448
2019-11-12,2364.04,2368.71,2345.54,2364.17,2066058
2019-11-13,2370.12,2370.84,2338.03,2365.39,704122
2019-11-14,2358.55,2371.42,2337.64,2365.56,1356708
2019-11-15,2367.82,2371.96,2335.99,2361.21,540164
2019-11-18,2369.46,2387.82,2351.18,2380.32,708100
2019-11-19,2384.85,2407.68,2372.41,2407.65,788011
2019-11-20,2416.49,2418.76,2388.37,2401.43,328732
2019-11-21,2388.64,2407.52,2383,2401.79,235455
2019-11-22,2406.72,2406.72,2386.48,2394.67,624809
2019-11-25,2387.32,2414.37,2387.32,2406.51,569146
2019-11-26,2408.08,2413.16,2393.51,2409.57,290505
2019-11-27,2394.64,2412.22,2392.48,2396.09,1068039
2019-11-28,2406.76,2416.48,2391.47,2416.48,278374
2019-11-29,2425.79,2426.48,2401.69,2413.35,496402
2019-12-02,2414.57,2421.82,2378.56,2405.33,4580950
2019-12-03,2405.96,2405.96,2374.35,2397.23,267897
2019-12-04,2389,2421.72,2389,2405.11,664590
2019-12-05,2409.84,2420.61,2395.94,2420.61,1235380
2019-12-06,2427.11,2428.15,2399.93,2402.34,1494391
2019-12-09,2398.5,2409.51,2390.65,2408.01,734956
2019-12-10,2403.36,2416.12,2403.36,2414.15,817101
2019-12-11,2420.64,2428.96,2412.84,2428.39,876034
2019-12-12,2426.61,2444.3,2421.35,2428.33,880038
2019-12-13,2429.93,2434.64,2403.92,2416.98,2756581
2019-12-16,2418.54,2430.89,2411.69,2411.9,1243586
2019-12-17,2408.47,2430.04,2394.73,2405.67,1157178
2019-12-18,2401.3,2422.38,2400.61,2417.96,939167
2019-12-19,2432.64,2453.09,2417.8,2450.91,2190210
2019-12-20,2456.52,2459.11,2435.88,2447.19,2302674
2019-12-23,2431.61,2462.11,2431.61,2457.51,1723067
2019-12-27,2463.05,2484.36,2454.13,2484.36,1195965
2019-12-30,2471.87,2488.69,2459.9,2460.44,862967
2020-01-02,2479.54,2498.89,2471.87,2484.33,407755
2020-01-03,2489.91,2489.91,2468.42,2479.74,640237
2020-01-07,2484.58,2567.96,2482.95,2562.19,1361157
2020-01-08,2576.62,2589.96,2537.54,2547.92,874799
2020-01-09,2575.32,2578.73,2530.86,2547.74,1085647
2020-01-10,2548.17,2574.73,2548.17,2574.36,531522
2020-01-13,2568.47,2577.1,2537.09,2545.7,736687
2020-01-14,2557.17,2570.29,2537.53,2549.65,621071
2020-01-15,2554.06,2562.62,2525.2,2525.2,401819
2020-01-16,2534.66,2565.6,2533.48,2546,1933783
2020-01-17,2562.13,2564.66,2543.9,2564.66,1431777
2020-01-20,2584.04,2584.04,2548.15,2551.81,1848924
2020-01-21,2549.03,2574.27,2538.02,2540,1301351
2020-01-22,2559.09,2562.39,2527.91,2541.29,1340941
2020-01-23,2551.98,2554.48,2529.95,2534.35,1465822
2020-01-24,2544.02,2556.59,2535.11,2548.48,2691326
2020-01-27,2553.03,2554.54,2498.51,2515.5,1738021
2020-01-28,2522.29,2529.51,2506.42,2529.35,1495457
2020-01-29,2550.61,2560.49,2532.99,2552.06,1706480
2020-01-30,2545.15,2548.43,2521.31,2535.77,680038
2020-01-31,2531.99,2551.73,2524.01,2549.6,501735
2020-02-03,2546.32,2553.31,2517.38,2533.57,1166930
2020-02-04,2549.88,2566.13,2533.83,2553.37,806586
2020-02-05,2558.03,2574.06,2549.16,2571.96,539536
2020-02-06,2588.35,2597.58,2554.86,2556.45,1487825
2020-02-07,2579.48,2583.36,2547.34,2550.45,237161
2020-02-10,2555.32,2574.13,2552.39,2574.13,367435
2020-02-11,2580.93,2596,2562.38,2566.08,1244737
2020-02-12,2575.32,2604.29,2565.64,2604.29,419717
2020-02-13,2595.52,2602.59,2578.6,2599.37,431976
2020-02-14,2576.93,2601.25,2566.8,2601.25,355479
2020-02-17,2594.42,2614.26,2593.29,2610.21,1113563
2020-02-18,2607.59,2607.92,2576.04,2589,981850
2020-02-19,2591.23,2615.38,2575.32,2597.9,922968
2020-02-20,2613.56,2637.14,2602.58,2618.68,442547
2020-02-21,2630.59,2630.59,2597.72,2615.08,280614
2020-02-24,2585.64,2585.64,2525.42,2532.97,788832
2020-02-25,2502.31,2543.83,2480.29,2533.01,917543
2020-02-26,2522.22,2538.94,2493.65,2538.48,1077953
2020-02-27,2516.73,2516.73,2451.38,2458.33,1149206
2020-02-28,2415.7,2428.63,2326.39,2396.83,2036926
2020-03-02,2380.84,2450.07,2380.27,2412.86,2474383
2020-03-03,2423.8,2508.07,2423.8,2498.94,1058242
2020-03-04,2492.6,2509.29,2476.63,2498.31,500119
2020-03-05,2529.04,2535.92,2487.7,2500.2,557206
2020-03-06,2485.48,2504.76,2457.4,2485.47,3487670
2020-03-09,2427.42,2428.17,2292.87,2296.89,2150043
2020-03-10,2258.94,2359.78,2258.94,2346.58,1277774
2020-03-11,2361.8,2362.27,2229.31,2262.49,2990620
2020-03-12,2158.47,2183.53,2058.48,2122.3,3909538
2020-03-13,2128.5,2193.89,2098.78,2132.56,1758903
2020-03-16,2107.48,2107.48,1986.74,2058.86,1332356
2020-03-17,2060.25,2116.69,2052.96,2100.85,672107
2020-03-18,2081.09,2112.66,2000.04,2009.54,1565186
2020-03-19,1975.77,2018.89,1951.44,2002.6,866940
2020-03-20,2017.82,2045.95,1921.85,1945.49,3450966
2020-03-23,1936.64,1936.64,1865.03,1904.9,945826
2020-03-24,1921.57,1945.01,1847.96,1851.55,609254
2020-03-25,1890.39,1918.08,1877.98,1887.82,722913
2020-03-26,1903.58,1918.37,1872.41,1893.75,441042
2020-03-27,1910.99,1913.13,1850.92,1863.71,447964
2020-03-30,1856.02,1892.62,1850.93,1873.21,354309
2020-03-31,1848.95,1897.89,1848.95,1886.6,624355
2020-04-01,1882.05,1915.31,1850.41,1851.22,432114
2020-04-02,1851.9,1875.52,1827.13,1838.3,815922
2020-04-03,1827.43,1841.07,1821.79,1834.45,1404850
2020-04-06,1834.43,1881.01,1802.87,1840.12,2596163
2020-04-07,1865.15,1927.21,1865.03,1907.63,2979034
2020-04-08,1896.96,1963.2,1885.97,1948.14,392359
2020-04-09,1963.02,1981.58,1955,1963.73,585701
2020-04-14,1970.09,2039.06,1970.09,2038.64,681951
2020-04-15,2060.76,2069.24,1960.68,1961,555578
2020-04-16,1975.54,2002.14,1961.67,1999.64,406522
2020-04-17,2000.72,2058.04,2000.72,2058.04,571618
2020-04-20,2069.28,2082.26,2038.09,2048.49,485799
2020-04-21,2017.3,2045.1,1990.84,1993.06,448410
2020-04-22,1997.34,2044.4,1991.41,2032.14,484892
2020-04-23,2037.26,2124.15,2019.98,2118.76,506481
2020-04-24,2126.1,2143.05,2102.82,2116.42,288970
2020-04-27,2128.1,2129.61,2064.74,2068.02,908548
2020-04-28,2075.34,2112.16,2046.86,2053.21,279084
2020-04-29,2077.55,2105.41,2063.82,2104.87,541538
2020-04-30,2105.06,2132.78,2100.52,2121.66,1036495
2020-05-04,2109.1,2109.26,2053.57,2079.17,479022
2020-05-05,2082.36,2100.39,2060.74,2090.29,849817
2020-05-06,2084.89,2097.24,2033.05,2046.74,490108
2020-05-07,2039.05,2085.32,2039.05,2075.17,332589
2020-05-08,2070.95,2079.83,2043.86,2051.64,310576
2020-05-11,2043.2,2067.52,2020.95,2022.3,723917
2020-05-12,2022.82,2039.22,2018.14,2036.45,938537
2020-05-13,2045.23,2047.72,2011.34,2015.96,926486
2020-05-14,2016.73,2027.51,1976.82,1984.67,951365
2020-05-15,1996.28,1998.75,1966.42,1969.08,594817
2020-05-18,1997.54,1997.54,1970.58,1977.22,571600
2020-05-19,1989.8,2012.13,1984.99,2007.61,440090
2020-05-20,2006.49,2015.09,2005.19,2006,879114
2020-05-21,1992.9,2013.23,1992.48,1997.5,689722
2020-05-22,2003.7,2007.44,1961.16,1992.47,636492
2020-05-25,1992.69,2009.45,1979.27,2001.92,441277
2020-05-26,2013.36,2024.76,1993.41,2006.97,3853962
2020-05-27,2040.38,2055.52,2010.93,2021.61,1200938
2020-05-28,2046.55,2065.93,2025.99,2031.8,1695212
2020-05-29,2036.67,2065.94,2036.46,2046.66,601092
2020-06-01,2073.93,2159.3,2069.71,2158.7,998734
2020-06-02,2186.26,2238.5,2170.37,2238.5,700957
2020-06-03,2249.19,2325.03,2235.31,2258.83,985035
2020-06-04,2269.07,2293.5,2242.07,2255.58,783913
2020-06-05,2254.15,2307.75,2238.58,2307.75,1134415
2020-06-08,2320.97,2324.34,2263.6,2267.93,2037831
2020-06-09,2282.08,2299.62,2232.22,2242.58,2168093
2020-06-10,2289.53,2290.86,2214.76,2247.11,1198150
2020-06-12,2194.27,2208.69,2181.77,2197.66,797824
2020-06-15,2193.7,2193.7,2153.49,2174.31,1214237
2020-06-16,2182.1,2242.57,2182.1,2199.07,7437652
2020-06-17,2200.94,2205.86,2166.07,2181.54,571705
2020-06-18,2201.18,2222.18,2175.8,2181.38,416466
2020-06-19,2174.36,2192.27,2111.35,2139.15,1490944
2020-06-22,2148.29,2152.89,2124.15,2142.86,637411
2020-06-23,2137.47,2196.38,2129.06,2186.22,773871
2020-06-24,2188.08,2208.36,2166.31,2179.43,555759
2020-06-25,2187.97,2189.97,2152.68,2166.57,598836
2020-06-26,2170.85,2179.75,2133.48,2133.49,1723998
2020-06-29,2143.3,2148.07,2115.53,2138.42,839607
2020-06-30,2130.37,2149.93,2119.03,2119.03,2904639
2020-07-01,2141.45,2170.86,2120.31,2169.53,487609
2020-07-02,2170.44,2208.19,2166.28,2205.37,515273
2020-07-03,2215.2,2216.82,2198.14,2210.33,338098
2020-07-06,2192.34,2235.99,2192.34,2234.43,777836
2020-07-07,2207.51,2241.09,2204.9,2204.9,678547
2020-07-08,2215,2222.16,2169.05,2177.73,2329089
2020-07-09,2198.73,2209.96,2168.95,2183.41,508209
2020-07-10,2190.37,2206.78,2166.55,2184.47,839126
2020-07-13,2189.68,2223.59,2176.1,2184.91,749696
2020-07-14,2186.37,2192.42,2172.53,2182.3,1514916
2020-07-15,2188.93,2200.31,2176.19,2184.68,245074
2020-07-16,2174.32,2200.61,2161.95,2173.89,344500
2020-07-17,2187.12,2187.62,2143.48,2156.76,300825
2020-07-20,2156.64,2183.19,2119.87,2144.91,724573
2020-07-21,2152.82,2190.44,2137.77,2154.01,1108150
2020-07-22,2163.84,2197.16,2130.76,2137.12,778325
2020-07-23,2149.25,2176.62,2140.09,2140.8,928803
2020-07-24,2135.87,2167.98,2127.97,2154.61,305428
2020-07-27,2169.56,2181.63,2127.44,2135.95,501294
2020-07-28,2137.38,2163.23,2135.65,2146.8,583182
2020-07-29,2133.97,2146.53,2124.63,2135.05,666892
2020-07-30,2134.66,2139.84,2069.01,2069.74,1460270
2020-07-31,2068.65,2135.52,2060.84,2135.52,575264
2020-08-03,2146.41,2173.21,2140.3,2154.7,412077
2020-08-04,2168.91,2169.67,2145.42,2160.7,601270
2020-08-05,2178.71,2206.86,2172.41,2200.76,381490
2020-08-06,2204.01,2206.62,2141.82,2158.58,482076
2020-08-07,2161.78,2175.47,2132.46,2160.38,811903
2020-08-10,2158.64,2179.87,2147.48,2158.56,409925
2020-08-11,2162.61,2180.51,2141.59,2158.64,418564
2020-08-12,2157.83,2157.83,2134.51,2142.32,385351
2020-08-13,2143.04,2157.2,2117.8,2117.8,634330
2020-08-14,2130.02,2137.12,2108.57,2122.59,629580
2020-08-17,2132.2,2144.23,2115.17,2130.58,846083
2020-08-18,2120.68,2129.13,2111.38,2115.54,481644
2020-08-19,2132.13,2171.6,2125.82,2159.53,963110
2020-08-20,2160.5,2175.85,2150.4,2163.17,584266
2020-08-21,2169.14,2174.83,2150.54,2161.17,1715159
2020-08-24,2186.61,2206.7,2167.59,2195.54,623827
2020-08-25,2199.62,2230.92,2199.62,2207.27,504809
2020-08-26,2211.46,2230.94,2196.47,2214.77,399784
2020-08-27,2202.89,2223.06,2185.73,2211.51,250967
2020-08-28,2223.85,2226.4,2206.09,2215.98,500775
2020-08-31,2224.4,2232.21,2209,2232.21,1018963
2020-09-01,2246.02,2247.98,2205.07,2212.24,672657
2020-09-02,2217.46,2237.81,2186.31,2193.75,487482
2020-09-03,2220.21,2220.89,2187.92,2191.38,722976
2020-09-04,2165.4,2196.43,2144.72,2180.82,799239
2020-09-07,2183.73,2201.96,2147.74,2152.79,642593
2020-09-08,2172.79,2180.28,2092.8,2107.31,1058447
2020-09-09,2130.19,2178.05,2126.87,2178.05,721855
2020-09-10,2171.77,2177.78,2152.33,2158.83,557603
2020-09-11,2169.02,2169.02,2150.77,2159.17,639553
2020-09-14,2138.68,2166.7,2136.16,2164.88,432433
2020-09-15,2174.57,2182.21,2143.75,2158.53,1315128
2020-09-16,2156.17,2161.03,2143.43,2153.36,1513731
2020-09-17,2168.53,2168.53,2142.8,2162.25,1602765
2020-09-18,2160.42,2176.49,2122.53,2153.16,1216245
2020-09-21,2146.6,2148.26,2101.82,2117.74,1490988
2020-09-22,2116.19,2124.42,2105,2108.15,1356462
2020-09-23,2112.65,2125.36,2096.32,2112.83,1216204
2020-09-24,2117.65,2128.55,2096.92,2108.04,702077
2020-09-25,2122.62,2122.62,2080.75,2095.42,899449
2020-09-28,2102.73,2158.97,2099.91,2158.97,1197495
2020-09-29,2159.47,2164.55,2120.64,2130.23,885902
2020-09-30,2135.64,2149.25,2128.89,2148.94,678478
2020-10-01,2163.23,2188.47,2148.1,2173.52,2891021
2020-10-02,2172.25,2177.27,2144.87,2155.97,875827
2020-10-05,2159.28,2170.96,2146.51,2170.32,645385
2020-10-06,2162.81,2199.99,2162.81,2174.69,827228
2020-10-07,2172.97,2186.16,2162.98,2172.99,242707
2020-10-08,2179.38,2188.26,2151.26,2164.45,755675
2020-10-09,2153.79,2165.83,2130.68,2147.5,1105029
2020-10-12,2192.41,2222.32,2157.75,2172.71,593799
2020-10-13,2190.32,2194.24,2162.89,2187.98,346900
2020-10-14,2192.86,2193.7,2126.77,2126.77,443616
2020-10-15,2119.57,2156.6,2094.15,2094.15,548755
2020-10-16,2081.6,2108.94,2081.06,2103.69,312284
2020-10-19,2112.62,2121.2,2089.7,2107.37,982972
2020-10-20,2094.82,2116.75,2077.91,2116.75,595637
2020-10-21,2124.54,2124.54,2090.21,2116.48,1766950
2020-10-22,2104.5,2132.66,2102,2124.1,471436
2020-10-23,2115.62,2120.38,2062.74,2091.51,862692
2020-10-26,2092.23,2093.63,2061.22,2077.4,444834
2020-10-27,2079.51,2083.26,2043.94,2054.43,426171
2020-10-28,2045.96,2053.5,1980.58,1982.82,818834
2020-10-29,1964.54,2024.4,1957.04,1998.24,904712
2020-10-30,1996.06,2006.72,1979.14,1982.1,377684
2020-11-02,1996.06,2052.26,1995.58,2051.06,1834765
2020-11-03,2058.89,2081.44,2042.03,2062.77,305030
2020-11-04,2060.45,2063.55,2035.85,2044.69,567621
2020-11-05,2046.86,2078.26,2043.47,2078.26,418376
2020-11-06,2076.41,2084.5,2039.39,2076.49,290865
2020-11-09,2079.2,2121.01,2065.63,2100.5,692411
2020-11-10,2105.17,2162.46,2088.58,2162.46,936940
2020-11-12,2172.53,2181.47,2148.31,2163.4,753622
2020-11-13,2170.6,2177.64,2134.49,2150.82,458010
2020-11-16,2155.89,2182.12,2138.48,2172.41,730151
2020-11-17,2190.67,2194.56,2164.46,2172.68,704007
2020-11-18,2193.43,2215.31,2179.24,2198.62,311957
2020-11-19,2216.99,2217.83,2179.05,2180.01,603019
2020-11-20,2181.13,2205.18,2153.65,2153.65,396851
2020-11-23,2164.39,2200.43,2157.64,2180.12,890437
2020-11-24,2188.85,2206.23,2163.01,2187.48,541958
2020-11-25,2196.53,2231.42,2195.65,2222.95,537842
2020-11-26,2218.3,2230.68,2196.38,2230.68,537557
2020-11-27,2228.59,2248.99,2222.99,2248.99,934335
2020-11-30,2251.95,2251.95,2222.89,2237.15,483840
2020-12-01,2233.62,2248.68,2222.48,2235.33,315742
2020-12-02,2224.86,2243.24,2217.5,2238.22,392798
2020-12-03,2228.75,2256.9,2221.45,2256.9,248376
2020-12-04,2262.62,2273.56,2241.06,2242.28,368895
2020-12-07,2258.23,2296.46,2253.06,2296.46,642316
2020-12-08,2309.18,2321.46,2296,2296.54,500393
2020-12-09,2300.92,2325.57,2285.14,2305.36,2275370
2020-12-10,2321.65,2323.74,2270.99,2282.47,4653552
2020-12-11,2289.18,2291.04,2261.31,2285.8,560804
2020-12-14,2308,2311.52,2258.19,2274.66,554448
2020-12-15,2284.11,2287.02,2266.85,2276.42,2553701
2020-12-16,2284.86,2329.92,2283.4,2314.69,714304
2020-12-17,2318.28,2345.61,2301.1,2315.64,654768
2020-12-18,2295.22,2317.44,2267.93,2282.28,1320995
2020-12-21,2279.2,2299.11,2253.14,2274.75
2020-12-22,2274.08,2309.42,2274.08,2307.99,824335
2020-12-23,2300.97,2334.42,2299.84,2324.95,677418
2020-12-28,2334.72,2366.23,2331.45,2366.23,1439757
2020-12-29,2381.4,2392.3,2375.26,2386.31,832475
2020-12-30,2392.14,2394.84,2376.84,2385.9,1153389
2021-01-04,2404.29,2415.13,2380.86,2389.42,908831
2021-01-05,2395.96,2427.54,2392.35,2409.28,1367205
2021-01-07,2422.18,2460.77,2422.18,2443.43,2597994
2021-01-08,2452.27,2476.04,2440.95,2455.91,1476710
2021-01-11,2451.7,2465.62,2432.46,2463.65,1119282
2021-01-12,2460.77,2472,2437.16,2446.56,918220
2021-01-13,2463.46,2463.46,2434.55,2445.31,1190738
2021-01-14,2445.89,2469.35,2435.15,2446.17,768317
2021-01-15,2472.5,2474.02,2432.01,2448.77,647038
2021-01-18,2460.03,2482.3,2447.92,2479.95,708396
2021-01-19,2490.56,2497.45,2478.05,2496.92,631456
2021-01-20,2501,2510.66,2482.4,2506.12,821707
2021-01-21,2515.75,2535.17,2498.28,2498.84,2516928
2021-01-22,2504.82,2516.88,2494.92,2510.21,571809
2021-01-25,2511.97,2517.52,2471.61,2475.04,394921
2021-01-26,2479.13,2499.18,2476.47,2481.98,495400
2021-01-27,2496.87,2511.7,2454.42,2454.42,1736306
2021-01-28,2437.84,2481.48,2430.4,2481.48,796939
2021-01-29,2483.86,2490.64,2456.01,2462.23,358788
2021-02-01,2466.09,2497.59,2466.09,2493.77,473303
2021-02-02,2499.86,2516.86,2486.15,2498.53,437005
2021-02-03,2497.34,2502.98,2482.19,2489.53,2935180
2021-02-04,2509.09,2513.3,2499.3,2499.59,2216707
2021-02-05,2515.04,2522.38,2497.04,2509.98,1085000
2021-02-08,2507.4,2545.5,2507.4,2531.1,484657
2021-02-09,2531.54,2544.31,2521.97,2534.65,847582
2021-02-10,2544.43,2567.98,2534.67,2550.11,781482
2021-02-11,2547.24,2591.5,2544.72,2591.5,1975866
2021-02-12,2597.8,2607.06,2578.45,2588.92,4474480
2021-02-15,2598.38,2616.09,2593.7,2609.92,1286243
2021-02-16,2608.44,2623.65,2588.55,2588.55,1448157
2021-02-17,2587.04,2604.21,2576.44,2591.81,1270367
2021-02-18,2591.77,2610.6,2553.65,2558.12,1012027
2021-02-19,2542.63,2584.79,2527.28,2575.99,4599862
2021-02-22,2577.27,2597.75,2551.34,2584.66,3546744
2021-02-23,2589.07,2611.54,2560.35,2567.73,2156734
2021-02-24,2595.6,2602,2577.3,2592.6,3316413
2021-02-25,2603.52,2614.3,2585.94,2608.2,2881213
2021-02-26,2578.29,2617.22,2563.9,2617.22,2395857
2021-03-01,2635.09,2642,2618.05,2631.97,1094438
2021-03-02,2615.23,2637.44,2615.23,2623.51,1390899
2021-03-03,2621.8,2640.46,2600.55,2619.81,1391215
2021-03-04,2622.83,2627.35,2591.26,2615.83,548979
2021-03-05,2606.99,2628.24,2589.04,2589.04,596368
2021-03-08,2590.63,2609.3,2590.63,2595.27,1209628
2021-03-09,2603.07,2617.4,2586.6,2594.39,402807
2021-03-10,2595.34,2621.39,2584.56,2594.18,1264801
2021-03-11,2603.39,2621.67,2567.82,2567.82,2621789
2021-03-12,2590.61,2632.77,2586.79,2624.28,1180160
2021-03-15,2632.53,2678.01,2631.89,2671.47,1124287
2021-03-16,2683.01,2692.27,2663.39,2663.39,801360
2021-03-17,2674.28,2674.28,2579.65,2600.21,1395998
2021-03-18,2616.29,2619.68,2597.6,2597.6,1463498
2021-03-19,2602.77,2638.15,2558.12,2558.12,1165137
2021-03-22,2560.49,2607.33,2560.47,2588.93,1170441
2021-03-23,2589.18,2599.28,2575.37,2585.03,548257
2021-03-24,2586.93,2595.14,2556.24,2570.24,634724
2021-03-25,2556.95,2579.75,2516.88,2531.6,751470
2021-03-26,2550.32,2583.52,2540.99,2583.52,531038
2021-03-29,2584.82,2612.46,2569.8,2612.46,476400
2021-03-30,2615.6,2628.35,2584.58,2594.13,475203
2021-03-31,2598.07,2623.84,2572.83,2607.18,1278490
2021-04-01,2612.58,2638.65,2599.96,2619.28,332595
2021-04-06,2615.43,2690.29,2602.24,2690.29,657680
2021-04-07,2704.23,2717.46,2681.66,2701.38,458357
2021-04-08,2702.34,2724.95,2697.84,2712.67,524348
2021-04-09,2736.94,2760.42,2718.07,2757.42,917707
2021-04-12,2777.01,2808.97,2771.76,2807.42,722182
2021-04-13,2811.38,2817.88,2785.58,2806.06,976637
2021-04-14,2811.56,2822.56,2797.53,2822.56,842157
2021-04-15,2826.27,2827.8,2814.5,2822.32,539557
2021-04-16,2823.76,2830.1,2796.65,2817.26,534694
2021-04-19,2825.69,2849.08,2778.61,2780.04,370603
2021-04-20,2809.69,2816.37,2771.73,2790.45,649375
2021-04-21,2806.36,2808.82,2764.27,2764.27,680906
2021-04-22,2771.18,2792.74,2760.46,2778.16,1166816
2021-04-23,2788.34,2788.34,2765.26,2778.35,1424167
2021-04-26,2761.79,2781.04,2755.01,2778.85,1025961
2021-04-27,2776.86,2800.47,2764.47,2786.05,465533
2021-04-28,2797.02,2828.49,2790.93,2828.49,627463
2021-04-29,2823.15,2829.24,2798.5,2829.24,484420
2021-04-30,2837.21,2866.82,2815.13,2857.28,935217
2021-05-04,2875.66,2880.08,2828.94,2828.94,1614149
2021-05-05,2835.19,2866.21,2829.11,2833.49,1213832
2021-05-06,2850.7,2859.78,2780.33,2780.33,1180302
2021-05-07,2790.66,2830.64,2790.66,2814.4,548586
2021-05-10,2827.28,2841.21,2820.83,2836.96,966499
2021-05-11,2835.03,2844.5,2811.55,2843.65,532625
2021-05-12,2844.33,2844.33,2811.23,2825.02,507120
2021-05-13,2833.16,2833.16,2796.43,2796.43,602130
2021-05-14,2813.18,2823.75,2796.71,2804.73,272801
2021-05-17,2868.86,2907.41,2868.86,2904.38,1559079
2021-05-18,2910.24,2924.47,2896.2,2902.65,617972
2021-05-19,2924.9,2924.9,2880.77,2895.81,541836
2021-05-20,2916.84,2919.95,2856.1,2856.1,671308
2021-05-21,2891.17,2912.77,2862.51,2894.06,1269260
2021-05-24,2910.34,2938.12,2895.41,2936.37,1089997
2021-05-25,2942.88,2945.26,2908.61,2921.48,685219
2021-05-26,2917.51,2925.69,2893.35,2913.74,902686
2021-05-27,2921.28,2931.52,2892.03,2930.32,949804
2021-05-28,2934.23,2967.73,2925.87,2967.73,1488230
2021-05-31,2974.13,3000.45,2973.22,2999.36,971672
2021-06-01,2997.46,3065.55,2997.46,3054.57,1748210
2021-06-02,3053.11,3074.95,3048.72,3062.96,462617
2021-06-04,3065.08,3065.08,3035.06,3043.45,348171
2021-06-07,3049.71,3056.26,3007.04,3032.62,705244
2021-06-08,3039.15,3061.46,3024.7,3040.76,1061117
2021-06-09,3051.7,3057.74,3033.94,3040.91,472316
2021-06-10,3042.39,3050.34,3007.91,3044.78,677836
2021-06-11,3043.98,3045.02,3012.8,3028.19,297971
2021-06-14,3035.8,3044.29,3016.77,3027.82,470914
2021-06-15,3041.98,3042.2,3013.13,3018.51,456587
2021-06-16,3020.96,3025.96,2979.09,2985.75,1157334
2021-06-17,2985.89,2992.9,2937.35,2937.35,1325741
2021-06-18,2945.34,2961.95,2929.03,2935.93,2142231
2021-06-21,2981.28,2981.28,2919.09,2931.03,657936
2021-06-22,2938.87,2973.82,2938.39,2971.77,1067739
2021-06-23,2970.82,2996.66,2962.55,2996.66,319539
2021-06-24,3004.16,3012.89,2973.34,3011.03,437028
2021-06-25,3014.7,3044.15,3013.08,3029.63,828713
2021-06-28,3035.56,3059.61,3029.56,3046.05,928909
2021-06-29,3067.07,3071.72,3036.94,3054.46,1382783
2021-06-30,3060.19,3062.11,3001.33,3014.43,851076
2021-07-01,3011.23,3043.97,3005.26,3040.84,5130939
2021-07-02,3047.68,3059.23,2996.03,3039.12,915239
2021-07-05,3055.07,3059.67,2995.01,3020.12,912180
2021-07-06,3028.66,3042.25,3021.18,3023.09,463998
2021-07-07,3032.52,3036.91,3011.86,3033.34,1030934
2021-07-08,3042.59,3043.06,3000.65,3014.23,418229
2021-07-09,3019.16,3037.48,2995.31,3037.48,495555
2021-07-12,2991.32,3038.42,2991.32,3013.21,440198
2021-07-13,3012.52,3057.6,3012.52,3055.23,802532
2021-07-14,3057.81,3096.13,3051.61,3096.07,627121
2021-07-15,3097.88,3100.11,3071.44,3099.47,682601
2021-07-16,3101.76,3120.91,3096.1,3114.57,413173
2021-07-19,3127.06,3127.11,3030.02,3030.02,751903
2021-07-20,3027.18,3058.64,3027.18,3048.45,367517
2021-07-21,3069.7,3070.66,3046.79,3061.54,294216
2021-07-22,3066.53,3080.37,3049.56,3052.87,381028
2021-07-23,3056.09,3078.95,3050.24,3075.24,288428
2021-07-26,3077.93,3080.24,3055.15,3055.15,268403
2021-07-27,3070.89,3077.04,3049.03,3051.34,328006
2021-07-28,3041.37,3081.18,3041.37,3081.18,443377
2021-07-29,3085.68,3108.05,3083.93,3083.93,227260
2021-07-30,3111.99,3111.99,3066.5,3077.25,405486
2021-08-02,3098.39,3113.52,3078.97,3105.78,653859
2021-08-03,3100.46,3103.36,3079.24,3092.19,223965
2021-08-04,3082.89,3092.64,3075.05,3081.14,326531
2021-08-05,3087.43,3090.9,3065.56,3087.22,282289
2021-08-06,3086.27,3089.51,3020.85,3067.07,272469
2021-08-09,3071.75,3081.47,3056.78,3081.47,301192
2021-08-10,3071.89,3077.58,3047.62,3068.99,331847
2021-08-11,3055.68,3078.56,3055.43,3077.73,392507
2021-08-12,3069.84,3082.6,3065.68,3071.95,334576
2021-08-13,3069.22,3083.42,3068.42,3073.37,396768
2021-08-16,3073.03,3088.96,3053.52,3058.63,365554
2021-08-17,3067.99,3076.08,3043.7,3067.92,337414
2021-08-18,3067.26,3072.38,3042.46,3060.5,609557
2021-08-19,3061.91,3063.05,3034.61,3050.01,615835
2021-08-20,3046.22,3069.54,3035.17,3056.19,653368
2021-08-23,3065.39,3068.59,3017.37,3017.37,259588
2021-08-24,3028.98,3070.87,3023.38,3051.11,285520
2021-08-25,3054.67,3078.65,3042.51,3064.58,269623
2021-08-26,3071.43,3072.92,3038.85,3058.4,317075
2021-08-27,3064.8,3065.22,3050.82,3057.16,154671
2021-08-30,3057.7,3107.88,3054.68,3107.88,318591
2021-08-31,3109.62,3138.43,3104.45,3138.43,387828
2021-09-01,3132.64,3152.96,3114.47,3132.87,630456
2021-09-02,3132.44,3140.78,3108.95,3132.05,319534
2021-09-03,3129.29,3148.79,3116.7,3125.54,270019
2021-09-06,3130.32,3150.64,3111.87,3139.66,500699
2021-09-07,3149.54,3150.56,3115.44,3127.77,364199
2021-09-08,3125.53,3138.87,3114.56,3122.52,517064
2021-09-09,3114.4,3125.46,3103.31,3118.45,616744
2021-09-10,3131.13,3131.13,3085.99,3101.85,896668
2021-09-13,3112.4,3130.17,3104.76,3109.5,1377057
2021-09-14,3127.87,3163.71,3111.48,3157.37,2036996
2021-09-15,3151.86,3157.73,3130.18,3152.08,396120
2021-09-16,3158.44,3214.36,3136.44,3189.47,1725596
2021-09-17,3185.43,3195.29,3157.87,3157.87,1577851
2021-09-20,3154.56,3176.23,3103.46,3126.06,3657197
2021-09-21,3107.77,3152.97,3097.46,3152.97,544411
2021-09-22,3162.97,3175.14,3145.63,3171.9,1328694
2021-09-23,3193.72,3196.02,3149.12,3179.04,1036943
2021-09-24,3183.36,3187.18,3132.61,3139.39,401641
2021-09-27,3140.58,3160.65,3121.74,3155.39,808258
2021-09-28,3155.37,3160.77,3129.55,3134.88,1142796
2021-09-29,3152.24,3152.39,3119.65,3152.39,240936
2021-09-30,3152.21,3165.54,3141.09,3165.54,1248997
2021-10-01,3157.04,3165.16,3124.91,3139.33,3927553
2021-10-04,3155.5,3157.97,3122.81,3151.86,972976
2021-10-05,3139.39,3163.38,3135.05,3157.21,1630541
2021-10-06,3144.9,3161.22,3112.73,3131.49,3855927
2021-10-07,3128.46,3162.62,3128.46,3161.4,3321114
2021-10-08,3168.91,3183.61,3162.33,3174.77,565906
2021-10-11,3180.27,3191.7,3143.09,3180.43,628999
2021-10-12,3182.39,3219.41,3168.5,3219.41,661361
2021-10-13,3210.82,3233.34,3201.79,3210.32,424972
2021-10-14,3213.19,3225.08,3197.48,3220.1,534985
2021-10-15,3221.94,3221.94,3184.8,3191.21,282274
2021-10-18,3187.53,3193.66,3172.62,3177.25,368456
2021-10-19,3188.42,3210.57,3182.9,3190.59,642516
2021-10-20,3195.68,3203.55,3172.26,3197.31,448814
2021-10-21,3199.65,3199.65,3149.87,3187.18,419850
2021-10-22,3178.92,3188.42,3135.35,3146.89,283553
2021-10-25,3124.93,3189.11,3114.02,3134.79,528969
2021-10-26,3135.94,3161.73,3118.51,3138.89,3936588
2021-10-27,3156.26,3164.65,3122.21,3146.73,235209
2021-10-28,3136.03,3155.65,3131.62,3145.4,601791
2021-10-29,3155,3155.09,3092.34,3092.34,1466273
2021-11-02,3125.3,3132.5,3076.16,3076.16,618720
2021-11-03,3073.2,3073.67,3037.76,3056.03,703719
2021-11-04,3044.59,3063.72,3011.99,3022.1,1052677
2021-11-05,3021.91,3021.91,2972.73,2985.77,710403
2021-11-08,2980.63,2998.42,2980.36,2990.22,515275
2021-11-09,2994.71,2994.71,2971.58,2987.27,350471
2021-11-10,2991.97,2992.94,2949.37,2969.57,399177
2021-11-12,2959.39,2961.71,2899.56,2934.73,764857
2021-11-15,2933.39,2941.51,2913.34,2937.55,436641
2021-11-16,2915.36,2951.99,2885.59,2896.47,523310
2021-11-17,2895.34,2899.41,2842.44,2855.27,688720
2021-11-18,2860.88,2878.26,2801.08,2827.23,823730
2021-11-19,2825.28,2831.34,2768.65,2792.59,617842
2021-11-22,2770.13,2785.63,2732.99,2774.93,732700
2021-11-23,2769.54,2771.46,2738.7,2771.46,850144
2021-11-24,2782.21,2803.97,2767.08,2782.4,1162380
2021-11-25,2778.55,2788.42,2767.97,2773.62,432219
2021-11-26,2762.61,2771.24,2720.93,2750.61,688597
2021-11-29,2729.6,2791.47,2727.24,2791.47,364776
2021-11-30,2786.23,2849.76,2775.7,2849.76,685580
2021-12-01,2846.61,2863.63,2838.59,2853.7,437104
2021-12-02,2852.54,2855.76,2800.53,2821.37,554254
2021-12-03,2827.28,2832.98,2807.98,2832.98,233642
2021-12-06,2836.57,2836.83,2787.05,2801.89,233726
2021-12-07,2819.74,2826.64,2783.69,2809.65,213589
2021-12-08,2818.74,2822.74,2791.66,2822.74,333292
2021-12-09,2818.77,2821.4,2785.68,2810.65,233208
2021-12-10,2805.14,2817.88,2799.94,2816.97,404768
2021-12-13,2830.03,2837.93,2820.35,2827.47,832882
2021-12-14,2826.48,2827.78,2774.26,2811.83,685004
2021-12-15,2811.03,2814.4,2734.2,2757.66,621459
2021-12-16,2780.97,2783.93,2731.68,2738.92,1104735
2021-12-17,2737.69,2749.37,2679.85,2679.85,732172
2021-12-20,2680.6,2698.47,2669.35,2677.17,677753
2021-12-21,2665.92,2725.03,2665.92,2702.82,1118853
2021-12-22,2712.69,2727,2700.76,2701.85,667574
2021-12-23,2704.5,2725.69,2691.28,2725.69,1527902
2021-12-27,2714.4,2726.47,2699.07,2726.47,946502
2021-12-28,2721.66,2779.07,2710.37,2767.95,825742
2021-12-29,2791.9,2813.58,2785.24,2812.6,532436
2021-12-30,2845.63,2860.57,2839.75,2841.12,1459088
2022-01-03,2840.86,2890.8,2839.47,2875.99,1607435
2022-01-04,2886.36,2887.62,2844.37,2868.15,653623
2022-01-05,2869.27,2872.64,2846.65,2867.43,476236
2022-01-07,2873.58,2876.29,2851.63,2874.09,778692
2022-01-10,2875.33,2889.08,2856.75,2873.99,553236
2022-01-11,2870.46,2888.32,2862.21,2883.01,539074
2022-01-12,2877.29,2902.93,2871.91,2902.93,642643
2022-01-13,3004.55,3023.88,2986.24,2996.87,3400674
2022-01-14,2998.18,3003.97,2978.97,2987.52,278902
2022-01-17,2974.76,2999.86,2969.97,2999.86,718895
2022-01-18,2992.8,2994.29,2980.14,2984.32,288281
2022-01-19,2976.36,2976.36,2961.1,2963.16,1327102
2022-01-20,2973.55,2973.55,2940.22,2941.49,288149
2022-01-21,2936.3,2936.3,2902.2,2907.33,756440
2022-01-24,2907.46,2918.69,2839.68,2863.8,934018
2022-01-25,2855.81,2886.31,2855.81,2865.07,630884
2022-01-26,2871.35,2888.51,2845.69,2862.89,482659
2022-01-27,2870.54,2874.77,2853.92,2871.21,310178
2022-01-28,2878.33,2891.37,2850.6,2873.15,305824
2022-01-31,2880.37,2907.7,2879.14,2882.15,430504
2022-02-01,2891.94,2897.2,2879.37,2881.91,512151
2022-02-02,2885.88,2908.68,2883,2903.27,287190
2022-02-03,2906.6,2915.75,2894.91,2904.09,180770
2022-02-04,2909.1,2911,2894.88,2897.69,213738
2022-02-07,2902.45,2907.55,2890.55,2907.55,251440
2022-02-08,2930.77,2938.41,2907.17,2919.6,275878
2022-02-09,2919.08,2924.81,2911.21,2911.21,290592
2022-02-10,2935.95,2954.19,2904.93,2935.93,2240690
2022-02-11,2939.39,2939.39,2903.43,2903.43,330293
2022-02-14,2895.84,2895.84,2826.46,2868.1,548649
2022-02-15,2895.39,2897.87,2868.56,2886.29,287250
2022-02-16,2982.45,3006.38,2937.77,2951.44,1229326
2022-02-17,2969.37,2969.37,2912.22,2923.41,325377
2022-02-18,2931.53,2937.01,2899.7,2931.24,685252
2022-02-21,2915.92,2924.34,2865.01,2883.85,692660
2022-02-22,2868.44,2903.97,2841.95,2860.25,875584
2022-02-23,2861.16,2873.05,2754.08,2754.08,827169
2022-02-24,2690.97,2690.97,2460.25,2512.98,1512353
2022-02-25,2528.6,2630.44,2523.6,2626.28,718472
2022-02-28,2597.74,2646.98,2566.62,2646.98,275614
2022-03-01,2639,2643.66,2590.79,2599.84,329746
2022-03-02,2595.75,2659,2582.73,2658.75,475857
2022-03-03,2668.82,2683.71,2633.2,2661.14,380899
2022-03-04,2661.19,2675.28,2592.01,2612.05,473375
2022-03-07,2619.11,2628.85,2519.5,2554.76,1242282
2022-03-08,2567.75,2569.53,2504.25,2547.3,356977
2022-03-09,2548.24,2577.49,2540.4,2564.03,557995
2022-03-10,2587.56,2596,2554.72,2564.61,600334
2022-03-11,2562.41,2611.05,2548.89,2611.05,307474
2022-03-14,2608.92,2611.91,2585.55,2610.11,921190
2022-03-15,2612.23,2623.5,2587.12,2621.99,276917
2022-03-16,2616.17,2648.59,2602.4,2648.59,1285447
2022-03-17,2662.66,2662.92,2631.24,2631.24,437070
2022-03-18,2661.38,2669.14,2599.99,2638.21,746946
2022-03-21,2640.2,2642.82,2620.2,2631.05,504601
2022-03-22,2634.14,2664.12,2622.31,2650.87,449137
2022-03-23,2664.46,2666.22,2634.74,2659.88,1508590
2022-03-24,2674.36,2711.11,2673.16,2698.03,788164
2022-03-25,2708.37,2724.37,2687.93,2710.49,840844
2022-03-28,2724.21,2733.65,2703.28,2733.65,1435081
2022-03-29,2733.09,2757.48,2701.38,2701.38,524028
2022-03-30,2744.49,2763.7,2714.22,2734.44,500043
2022-03-31,2747.9,2748.61,2682.43,2708.99,852133
2022-04-01,2738.9,2774.36,2719.35,2739.92,318922
2022-04-04,2763,2766.51,2722.9,2765.42,1206904
2022-04-05,2786.93,2787.39,2772.6,2774.86,421180
2022-04-06,2776.87,2778.12,2730.72,2742.76,346329
2022-04-07,2764.97,2764.97,2700.5,2739.4,415916
2022-04-08,2753.44,2774.77,2690.9,2740.73,286989
2022-04-11,2741.65,2746.4,2712.54,2712.54,289778
2022-04-12,2703.52,2726.17,2690.35,2718.23,263372
2022-04-13,2713.11,2728.71,2676.75,2685.91,297937
2022-04-14,2700.35,2706.41,2673.49,2706.41,254493
2022-04-19,2704.23,2711.62,2677.1,2680.4,320548
2022-04-20,2754.2,2774.33,2726.51,2739.95,651336
2022-04-21,2737.49,2737.49,2697.68,2725.81,585566
2022-04-22,2730.14,2688.71,2688.71,2688.71,572126
2022-04-25,2669.43,2670.09,2628.6,2643.27,382740
2022-04-26,2673.4,2685.83,2650.83,2668.12,334850
2022-04-27,2691.19,2692.74,2641.22,2660.43,322671
2022-04-28,2684.77,2692.02,2648.1,2677.02,286323
2022-04-29,2681.76,2705.26,2666.47,2701.4,595919
2022-05-02,2696.74,2731.16,2685.74,2699.02,331880
2022-05-04,2678.75,2696.26,2655.52,2673.49,276746
2022-05-05,2671.65,2703.53,2643.92,2676.01,506302
2022-05-06,2665.62,2677.47,2574.92,2603.23,366775
2022-05-09,2608.33,2611.07,2550.2,2562.09,356431
2022-05-10,2574.08,2582.28,2541.34,2554.86,474706
2022-05-11,2566.83,2567.17,2510.19,2537.37,352471
2022-05-12,2546.12,2546.12,2503.07,2526.81,498728
2022-05-13,2540.22,2566.13,2539.5,2562.36,445737
2022-05-16,2561.12,2583.41,2544.97,2549.08,316515
2022-05-17,2555.39,2625.84,2555.39,2587.05,782572
2022-05-18,2587.62,2619.43,2575.43,2607.32,335008
2022-05-19,2606.09,2619.65,2575.54,2609.49,303175
2022-05-20,2603.03,2621.14,2598.86,2615.98,374898
2022-05-23,2621.06,2655.94,2611.46,2643.1,312191
2022-05-24,2639.14,2650.65,2617.8,2639.68,216188
2022-05-25,2647.77,2650.03,2617.85,2626.51,251099
2022-05-26,2627.79,2628.78,2595.24,2617.88,209732
2022-05-27,2616.24,2616.24,2591.27,2609.71,296953
2022-05-30,2615.68,2617.46,2576.91,2591.16,702707
2022-05-31,2606.07,2610.67,2570.98,2593.18,355305
2022-06-01,2611.55,2612.22,2581.17,2608.62,475046
2022-06-02,2607.45,2623.72,2597.49,2616.96,140774
2022-06-03,2620.34,2620.38,2600.24,2603.57,152525
2022-06-06,2611.98,2633.11,2591.91,2599.44,195011
2022-06-07,2624.8,2630.47,2603.73,2618.85,141189
2022-06-08,2610.66,2612.7,2564.58,2578.06,253739
2022-06-09,2579.25,2580.22,2540.28,2550.57,130108
2022-06-10,2545.56,2546.13,2518.44,2528.71,364621
2022-06-13,2528.59,2528.59,2456.18,2468.11,270234
2022-06-14,2462.54,2462.54,2439.01,2454.89,264046
2022-06-15,2470.43,2473.27,2441.68,2442.52,156015
2022-06-17,2458.61,2479.62,2411.69,2411.69,333376
2022-06-20,2441.07,2460.35,2417.26,2460.35,343460
2022-06-21,2467.59,2507.84,2459.59,2506.96,203938
2022-06-22,2507.79,2513.63,2483.31,2511.71,4069672
2022-06-23,2509.26,2513.62,2482.19,2504.75,1912445
2022-06-24,2504.37,2514.44,2490.49,2499.6,98066
2022-06-27,2490.82,2506.49,2482.82,2506.49,305529
2022-06-28,2495.68,2531.01,2490.83,2501.69,220580
2022-06-29,2497.11,2597.73,2490.75,2597.73,266561
2022-06-30,2620.08,2620.08,2532.67,2549.24,133858
2022-07-01,2572.27,2600.65,2550.23,2564.23,242477
2022-07-04,2571.07,2606.61,2550.97,2583.56,242398
2022-07-05,2590.2,2590.65,2507.87,2539.13,232819
2022-07-06,2571.71,2571.84,2484.88,2484.88,338476
2022-07-07,2514.45,2536.81,2512.84,2536.81,227125
2022-07-08,2550.21,2562.22,2529.51,2562.22,227766
2022-07-11,2562.56,2566.2,2546.53,2556.08,422961
2022-07-12,2555.37,2576.76,2483.42,2492.69,718957
2022-07-13,2515.75,2524.48,2465.6,2502.9,113341
2022-07-14,2499,2510.99,2432.1,2456.12,313478
2022-07-15,2441.5,2471.61,2439.04,2467.47,244469
2022-07-18,2462.82,2481.67,2437.71,2481.67,167670
2022-07-19,2478.14,2484.61,2446.54,2474.61,215710
2022-07-20,2467.92,2475.58,2428.17,2475.58,122600
2022-07-21,2487.8,2495.76,2460.92,2495.76,124768
2022-07-22,2497.24,2503.32,2466.1,2501.06,410969
2022-07-25,2510.07,2516.22,2486.71,2516.22,156088
2022-07-26,2513.08,2516.38,2485.56,2489.32,292261
2022-07-27,2509.98,2525.71,2451.77,2473.49,230282
2022-07-28,2478.5,2498.32,2448.24,2480.11,356581
2022-07-29,2496.58,2496.58,2475.04,2490.68,135968
2022-08-01,2530.77,2531.36,2499.26,2509.62,264102
2022-08-02,2514.13,2541.33,2513.96,2528.18,244789
2022-08-03,2535.46,2543.82,2514.26,2543.82,259438
2022-08-04,2544.37,2560.17,2534.73,2559.75,211226
2022-08-05,2569.07,2583.15,2545.37,2583.15,436895
2022-08-08,2578.94,2655.53,2568.25,2647.66,139020
2022-08-09,2642.58,2654.09,2637.47,2649.94,107603
2022-08-10,2637.39,2646.52,2588.17,2629.68,185088
2022-08-11,2633.14,2639.53,2600,2626.86,154579
2022-08-12,2601.22,2625.16,2600.08,2613.9,146201
2022-08-16,2617.42,2656.27,2607.05,2647.5,174442
2022-08-17,2639.03,2664.51,2621.04,2664.51,196175
2022-08-18,2640.58,2651.46,2624.71,2645.37,129230
2022-08-19,2676.15,2676.15,2644.93,2672.52,482663
2022-08-22,2653.35,2667.65,2593.19,2628.58,296800
2022-08-23,2616,2627.24,2590.08,2619.08,169808
2022-08-24,2622.54,2649.15,2613.15,2618.29,221710
2022-08-25,2638.8,2665.9,2625.36,2656.15,210447
2022-08-26,2657.1,2658.42,2609.66,2636.13,416703
2022-08-29,2599.09,2627.75,2583.67,2583.67,245783
2022-08-30,2607.44,2607.44,2531.75,2531.75,409474
2022-08-31,2544.54,2567.95,2496.78,2505.04,502549
2022-09-01,2495.25,2506.16,2478.92,2492.73,169029
2022-09-02,2496.36,2511.28,2484.03,2487.54,440478
2022-09-05,2507.48,2550.01,2507.48,2542.76,211215
2022-09-06,2567.75,2568.43,2509.13,2529.27,154112
2022-09-07,2558.97,2562.88,2499.41,2546.87,155848.11254021
2022-09-08,2570.67,2633.31,2540.21,2543.5,198294
2022-09-09,2550.44,2569.47,2550.44,2567.33,657560
2022-09-12,2568.13,2582,2516.35,2535.49,367764
2022-09-13,2516.71,2528.36,2474.01,2475.47,420354
2022-09-14,2468.2,2491.92,2440.85,2491.92,651140
2022-09-15,2507.14,2520.11,2487.62,2520.11,374393
2022-09-16,2513.07,2529.05,2496.4,2529.05,1744771
2022-09-19,2539.49,2547.01,2487.55,2547.01,246994
2022-09-20,2548.31,2555.33,2503.31,2503.7,508459
2022-09-21,2509.16,2530.55,2488.3,2524.46,216000
2022-09-22,2517.39,2517.39,2486,2507.79,556097
2022-09-23,2518.07,2520.31,2451,2466.97,200607
2022-09-26,2493.19,2496.16,2404.42,2440.36,263340
2022-09-27,2432.2,2483.89,2432.2,2449.46,356227
2022-09-28,2474.89,2474.89,2378.68,2389.81,479074
2022-09-29,2407.89,2413.47,2348.79,2353.96,299624
2022-09-30,2382.1,2389.13,2331.94,2358.33,353581
2022-10-03,2365.27,2378.07,2351.76,2372.5,277411
2022-10-04,2397.83,2425.42,2386.65,2425.42,140316
2022-10-05,2433.25,2439.77,2399.9,2410.91,61442
2022-10-06,2437.04,2438.29,2411.23,2426.58,31058
2022-10-07,2395.09,2425.45,2384.6,2393.49,111079
2022-10-10,2393.1,2412.97,2361.95,2372.89,172124
2022-10-11,2377.27,2399.78,2332.26,2355.47,198815
2022-10-12,2366.91,2400.36,2353.41,2399.89,121665
2022-10-13,2415.46,2415.62,2353.25,2392.22,283551
2022-10-14,2424.25,2439.69,2399.2,2411.42,215137
2022-10-17,2424.62,2430.65,2396.87,2430.65,72884
2022-10-18,2436.14,2463.85,2413.56,2424.19,234347
2022-10-19,2443.93,2443.93,2376.78,2383.43,416683
2022-10-20,2418.95,2418.95,2351.96,2359.75,790494
2022-10-21,2356.91,2363.35,2328.08,2335.97,458804
2022-10-24,2355.49,2361.44,2310.06,2319.41,250687
2022-10-25,2322.33,2365.33,2316.78,2340.24,281258
2022-10-26,2371.85,2376.43,2347.73,2367.17,895567
2022-10-27,2381.11,2383.28,2344.31,2365.06,193946
2022-10-28,2373.93,2408.07,2371.31,2390.25,190649
2022-10-31,2407.92,2418.93,2378.87,2392.36,146062
2022-11-02,2401.18,2422.73,2367.18,2402.49,231744
2022-11-03,2383.79,2402,2368.75,2371.25,134667
2022-11-04,2378.08,2445.27,2375.93,2445.27,474386
2022-11-07,2443.39,2477.94,2439.51,2449.53,442230
2022-11-08,2459.32,2467.45,2436.43,2467.45,323101
2022-11-09,2486.83,2486.83,2442.32,2442.32,181916
2022-11-10,2449.37,2451.1,2435.74,2443.62,279323
2022-11-14,2452.99,2456.8,2412.47,2442.47,379243
2022-11-15,2442.93,2462.64,2421.4,2453.27,592366
2022-11-16,2448.02,2465.75,2422.47,2465.42,447699
2022-11-17,2466.82,2499.38,2464.43,2477.56,277147
2022-11-18,2483.82,2500.44,2476.42,2491.69,1912721
2022-11-21,2484.51,2484.51,2458.29,2472.44,175088
2022-11-22,2490.71,2492.75,2439.5,2446.22,126604
2022-11-23,2471.66,2472.89,2435.35,2471.98,417223
2022-11-24,2481.19,2481.53,2450.5,2459.5,190097
2022-11-25,2465.35,2478.58,2420.76,2478.58,333303
2022-11-28,2495.91,2498.75,2459.15,2486,272334
2022-11-29,2507.05,2508,2460.66,2497.75,1747205
2022-11-30,2502.15,2519.34,2496.08,2511.56,1449160
2022-12-01,2532.71,2540.91,2499.33,2540.91,498206
2022-12-02,2524.84,2547.96,2515.77,2538.65,398805
2022-12-05,2558.06,2569.83,2534.55,2552.31,281818
2022-12-06,2551.72,2551.72,2499.21,2522.17,674403
2022-12-07,2514.7,2527.68,2499.09,2515.67,385992
2022-12-08,2525.9,2530.84,2498.05,2528.11,235164
2022-12-09,2520.87,2541.09,2518.58,2535.06,304834
2022-12-12,2550.29,2568.23,2533.28,2554.2,228030
2022-12-13,2551.4,2571.99,2537.39,2571.99,511507
2022-12-14,2560.06,2583.88,2553.76,2575.68,864643
2022-12-15,2583.16,2590.55,2558.04,2576.15,524412
2022-12-16,2579.72,2580.19,2529.08,2570.94,320373
2022-12-19,2592.92,2622.67,2585.27,2621.29,435661
2022-12-20,2616.75,2626.58,2590.81,2626.58,486606
2022-12-21,2643.31,2655.11,2636.33,2655.11,421639
2022-12-22,2650.6,2657.26,2626.29,2650.93,204809
2022-12-23,2654.11,2654.11,2628.74,2648.66,243667
2022-12-27,2656.78,2663.92,2626.97,2650.72,1130729
2022-12-28,2646.47,2648.97,2598.66,2622.12,1136425
2022-12-29,2626.07,2636.67,2613.52,2632.46,292300
2022-12-30,2633.64,2633.64,2605.99,2624.35,196682
2023-01-02,2659.85,2682.33,2640.8,2658.03,489969
2023-01-03,2675.09,2700.69,2671.02,2695.81,467775
2023-01-04,2706.08,2728.71,2701.03,2713.77,462431
2023-01-05,2730.63,2732.19,2701.19,2707.75,375921
2023-01-09,2725.63,2752.28,2709.97,2749.62,1380163
2023-01-10,2748.69,2762.47,2703.28,2705.09,678249
2023-01-11,2715.41,2733.24,2705.01,2708.31,561069
2023-01-12,2709.42,2714.16,2696.12,2711.56,809867
2023-01-13,2733.25,2733.86,2689.9,2713.06,966668
2023-01-16,2719.9,2735.9,2691.07,2707.55,655824
2023-01-17,2703.31,2706.46,2695.11,2697.84,495142
2023-01-18,2710.48,2715.47,2673.44,2676.85,459264
2023-01-19,2666.95,2675.81,2628.6,2652.96,482342
2023-01-20,2667.51,2691.31,2642.81,2669.18,304266
2023-01-23,2667.41,2692.16,2666.83,2675.59,1162936
2023-01-24,2673.06,2708.74,2673.04,2682.55,690897
2023-01-25,2684.75,2706.26,2674.4,2687.59,633606
2023-01-26,2707.72,2736.1,2696.08,2704.65,431852
2023-01-27,2714.97,2729.24,2712.05,2726.35,421804
2023-01-30,2727.8,2730.32,2692.01,2708.04,389694
2023-01-31,2717.45,2733.4,2709.71,2726.64,406978
2023-02-01,2742.1,2755.58,2733.02,2746.53,336443
2023-02-02,2758.37,2771.2,2730.74,2756.9,360944
2023-02-03,2754.09,2775.28,2741.72,2769.03,516893
2023-02-06,2766.53,2771.54,2755.19,2757.5,193164
2023-02-07,2767.17,2769.8,2747.33,2752.8,307362
2023-02-08,2750.04,2768.26,2741.08,2762.5,326424
2023-02-09,2757.1,2765.34,2745.02,2760.11,326412
2023-02-10,2759.96,2776.5,2735.45,2776.5,207387
2023-02-13,2788.55,2815.66,2758.03,2788.9,547774
2023-02-14,2782.13,2796.51,2775.3,2784.15,1388238
2023-02-15,2774.07,2788.04,2760.44,2774.41,374858
2023-02-16,2782.52,2792.08,2772.37,2773.52,1005744
2023-02-17,2777.46,2806.89,2771.14,2794.06,609261
2023-02-20,2806.17,2857.09,2806.17,2851.6,288327
2023-02-21,2869.88,2870.05,2821.49,2844.26,710262
2023-02-22,2843.22,2843.22,2796.16,2818.18,252794
2023-02-23,2834.33,2836.97,2821.79,2832.3,730406
2023-02-24,2824.12,2836.43,2798.45,2802.92,619376
2023-02-27,2799.48,2829.96,2786.61,2795.13,434650
2023-02-28,2787.23,2821.65,2783.65,2803.07,241411
2023-03-01,2796.2,2815.47,2790.54,2815.47,383710
2023-03-02,2812.49,2826.99,2794.94,2797.01,1298395
2023-03-03,2823.97,2837.35,2798.58,2837.35,1208765
2023-03-06,2870.5,2889.46,2856.4,2889.46,1123999
2023-03-07,2887.64,2901.09,2865.62,2897.88,388517
2023-03-08,2895.08,2912.66,2873.6,2909.8,1003695
2023-03-09,2914.19,2926.97,2907.85,2923.4,601453
2023-03-10,2911.24,2917.46,2886.02,2910.95,716831
2023-03-13,2897.97,2915.94,2835.26,2886.06,479428
2023-03-14,2925.3,2929.88,2874.66,2917.17,610711
2023-03-15,2930.88,2937.45,2876.14,2902.01,241042
2023-03-16,2915.08,2925.92,2864.85,2895.31,234358
2023-03-17,2904.39,2930.21,2874.99,2897.07,657203
2023-03-20,2894.06,2902.12,2863.96,2882.62,208279
2023-03-21,2892.47,2921.27,2867.01,2870.64,303229
2023-03-22,2883.04,2927.44,2843.54,2925.08,847818
2023-03-23,2922.05,2928.37,2892.71,2924.1,2346502
2023-03-24,2939.26,2940.42,2885.75,2906.49,550681
2023-03-27,2906.4,2954.89,2900.15,2954.89,721607
2023-03-28,2955.98,2960.39,2927.67,2952.43,398282
2023-03-29,2952.44,2978.98,2946.64,2974.37,284804
2023-03-30,2986.49,2995.15,2958.22,2972.52,385625
2023-03-31,3021.88,3046.84,2982.18,2995.23,1623683
2023-04-03,3006.71,3010.23,2982.31,2994.57,534331
2023-04-04,2997.62,3022.63,2983.15,3015.31,445094
2023-04-05,3020.37,3034.48,3007.47,3019.96,467169
2023-04-06,3026.54,3047.56,3019.64,3023.44,513087
2023-04-11,3030.38,3097.99,3022.99,3097.99,1248097
2023-04-12,3096.9,3118.03,3087.82,3118.03,474666
2023-04-13,3113.33,3162.96,3109.43,3162.96,345718
2023-04-14,3168.39,3211.16,3161.19,3208.44,579638
2023-04-17,3216.51,3231.22,3200.65,3231.22,440671
2023-04-18,3239.44,3242,3210.06,3227.88,415775
2023-04-19,3239.87,3250.51,3217.07,3250.39,427640
2023-04-20,3237.17,3246.68,3222.75,3246.68,229725
2023-04-21,3248.62,3254.18,3204.14,3204.14,191901
2023-04-24,3182.84,3207.5,3140.75,3170.27,657858
2023-04-25,3184.7,3202.73,3154.1,3165.54,374699
2023-04-26,3164.12,3174.58,3121.95,3149.62,452270
2023-04-27,3159.66,3183.84,3157.53,3174.91,566499
2023-04-28,3184,3218.68,3178.75,3181.38,452345
