Data,Otwarcie,Najwyzszy,Najnizszy,Zamkniecie
2018-01-03,1364.84,1366.63,1346.69,1352.22
2018-01-04,1352.22,1367.92,1350.94,1358.08
2018-01-05,1358.08,1368.39,1356.31,1366.79
2018-01-09,1367.81,1393.73,1365.86,1380.47
2018-01-10,1380.92,1454.42,1380.92,1447.37
2018-01-11,1447.37,1535.45,1447.37,1510.38
2018-01-12,1510.38,1556.86,1510.38,1513.85
2018-01-15,1513.85,1550.27,1490.46,1505.31
2018-01-16,1516.75,1516.75,1486,1490.45
2018-01-17,1490.48,1495.13,1477.82,1487.97
2018-01-18,1487.72,1497.84,1434.24,1449.6
2018-01-19,1449.6,1454.6,1420.99,1427.65
2018-01-22,1427.33,1435.61,1401.9,1414.84
2018-01-23,1414.96,1425.17,1402.35,1412.8
2018-01-24,1419.15,1423.91,1399.83,1401.45
2018-01-25,1402.18,1431.52,1398.83,1421.43
2018-01-26,1422.56,1437.83,1422.56,1437.83
2018-01-29,1437.83,1475.3,1433.91,1463.1
2018-01-30,1463.1,1488.52,1459.33,1480.77
2018-01-31,1480.77,1507.04,1480.77,1490.95
2018-02-01,1493.2,1500.05,1478.35,1487.46
2018-02-02,1488.14,1511.2,1479.12,1491.68
2018-02-05,1491.68,1502.45,1475.83,1495.51
2018-02-06,1495.83,1495.83,1420.22,1450.93
2018-02-07,1450.93,1481.54,1437.07,1467.99
2018-02-08,1467.99,1476.96,1455.08,1460.08
2018-02-09,1459.18,1467.21,1444.57,1450.85
2018-02-12,1456.48,1471.24,1443.33,1448.42
2018-02-13,1450.45,1474.09,1448.67,1466.22
2018-02-14,1466.22,1471.24,1458.44,1459.09
2018-02-15,1459.09,1464.31,1455.83,1460.74
2018-02-16,1460.74,1463.92,1446.2,1461.68
2018-02-19,1461.68,1464.68,1444.99,1460.38
2018-02-20,1460.38,1472,1458.71,1464.28
2018-02-21,1464.28,1481.44,1452.45,1477.46
2018-02-22,1477.46,1504.11,1477.17,1493.33
2018-02-23,1493.33,1509.18,1493.33,1495.73
2018-02-26,1497.25,1514.5,1495.23,1504.86
2018-02-27,1504.86,1550.27,1501.55,1538.1
2018-02-28,1538.66,1593.72,1538.66,1577.83
2018-03-01,1578.62,1616.45,1578.62,1609.01
2018-03-02,1609.01,1616.88,1593.46,1595.59
2018-03-05,1595.93,1629.23,1594.04,1616.34
2018-03-06,1616.34,1629.3,1612.96,1621.5
2018-03-07,1621.5,1633.2,1608.25,1611.53
2018-03-12,1611.53,1650.52,1611.44,1632.91
2018-03-13,1653.68,1657.69,1625.45,1628.77
2018-03-14,1628.77,1637.97,1615,1624.02
2018-03-15,1624.02,1629.65,1569.35,1576.35
2018-03-16,1577.02,1630.86,1577.02,1629.56
2018-03-19,1629.56,1643.9,1628.46,1639.38
2018-03-20,1639.38,1648.6,1613.18,1635.41
2018-03-21,1635.41,1696.29,1622.07,1663.43
2018-03-22,1663.43,1670.27,1654.15,1658.16
2018-03-23,1657.31,1662.17,1627.3,1645.08
2018-03-26,1645.46,1674.48,1628.44,1673.08
2018-03-27,1671.69,1692.86,1630.41,1684.46
2018-03-28,1684.46,1692.37,1669.13,1684.87
2018-03-29,1684.87,1695.75,1632.49,1654.42
2018-03-30,1654.42,1682.6,1654.42,1682.6
2018-04-02,1682.6,1683.5,1656.81,1665.53
2018-04-03,1665.53,1688.89,1665.53,1688.34
2018-04-04,1688.34,1707.2,1671.67,1707.2
2018-04-05,1707.2,1717.53,1695.86,1710.82
2018-04-06,1710.82,1732.5,1696.6,1732.5
2018-04-10,1732.04,1755.86,1719.63,1730.22
2018-04-11,1730.22,1775.9,1730.22,1773.49
2018-04-12,1805.55,1824.71,1778.26,1788.83
2018-04-13,1788.83,1802.13,1786.36,1802.13
2018-04-16,1802.13,1813.21,1802.13,1808.2
2018-04-17,1808.2,1828.26,1765.51,1792.93
2018-04-18,1797.18,1820.23,1797.18,1808.68
2018-04-19,1808.68,1830.05,1805.58,1817.2
2018-04-20,1817.2,1911.45,1795.15,1818.75
2018-04-23,1818.75,1828.78,1816.83,1818.82
2018-04-24,1818.82,1818.82,1796.03,1812.26
2018-04-25,1812.26,1816.35,1805.27,1811.48
2018-04-26,1811.48,1818.67,1778.4,1791.93
2018-04-27,1793.63,1821.37,1787.9,1799.28
2018-05-02,1854.39,1854.39,1682.78,1751.62
2018-05-03,1774.15,1806.25,1758.64,1780.7
2018-05-04,1780.7,1821.21,1780.7,1810.63
2018-05-07,1810.63,1814.45,1795.71,1803.63
2018-05-08,1803.63,1817.04,1797.29,1809.43
2018-05-10,1809.43,1823.61,1809.43,1821.02
2018-05-11,1821.02,1837.18,1802.04,1814.91
2018-05-14,1814.91,1852.24,1800.11,1818.13
2018-05-15,1818.13,1829.31,1807.12,1813.16
2018-05-16,1813.16,1819.15,1793.51,1805.54
2018-05-17,1805.54,1831.2,1797.96,1830.01
2018-05-18,1830.01,1843.17,1819.77,1841.51
2018-05-21,1841.51,1862.42,1830.09,1859.37
2018-05-22,1849.47,1871.38,1827.26,1827.26
2018-05-23,1788.57,1805.71,1758.66,1765.33
2018-05-24,1765.33,1781.24,1643.84,1662.67
2018-05-25,1671.07,1672.62,1597.48,1641.27
2018-05-29,1641.27,1706.64,1641.27,1693.72
2018-05-30,1692.73,1716.47,1660.13,1687.37
2018-05-31,1687.37,1694.83,1645.66,1688.9
2018-06-01,1684.93,1684.93,1665.68,1676.77
2018-06-04,1676.77,1677.74,1669.56,1669.82
2018-06-05,1669.82,1670.48,1642.09,1651.97
2018-06-06,1651.97,1651.97,1623.94,1635.86
2018-06-07,1635.86,1665.26,1617.8,1646.32
2018-06-08,1646.32,1647.49,1589.91,1610.73
2018-06-11,1644,1644,1583.06,1618.47
2018-06-12,1618.47,1646.72,1594.74,1622.58
2018-06-13,1622.58,1623.85,1570.92,1571.18
2018-06-14,1575.33,1604.18,1564.82,1603.83
2018-06-15,1603.83,1629.21,1591,1620.5
2018-06-18,1620.5,1620.5,1620.5,1620.5
2018-06-19,1620.5,1620.5,1620.5,1620.5
2018-06-20,1620.5,1620.5,1591.92,1591.92
2018-06-21,1591.92,1591.92,1586.95,1586.95
2018-06-22,1580.88,1580.88,1580.88,1580.88
2018-06-25,1580.88,1580.88,1575.32,1575.32
2018-06-26,1574.13,1574.13,1574.13,1574.13
2018-06-27,1580.37,1580.37,1580.37,1580.37
2018-07-02,1601.34,1601.34,1601.34,1601.34
2018-07-03,1595.47,1595.47,1595.47,1595.47
2018-07-04,1602.52,1602.52,1602.52,1602.52
2018-07-05,1558.87,1558.87,1558.87,1558.87
2018-07-06,1552.79,1552.79,1552.79,1552.79
2018-07-09,1557.16,1557.16,1557.16,1557.16
2018-07-10,1571.7,1571.7,1571.7,1571.7
2018-07-11,1576.78,1576.78,1576.78,1576.78
2018-07-12,1569.32,1569.32,1569.32,1569.32
2018-07-13,1577.94,1577.94,1577.94,1577.94
2018-07-16,1592.43,1592.43,1592.43,1592.43
2018-07-17,1602.79,1602.79,1602.79,1602.79
2018-07-18,1609.78,1609.78,1609.78,1609.78
2018-07-19,1603.85,1603.85,1603.85,1603.85
2018-07-20,1606.05,1606.05,1606.05,1606.05
2018-07-23,1610.07,1610.07,1610.07,1610.07
2018-07-24,1616.93,1616.93,1616.93,1616.93
2018-07-25,1618.85,1618.85,1618.85,1618.85
2018-07-26,1619.39,1619.39,1619.39,1619.39
2018-07-27,1636.32,1636.32,1636.32,1636.32
2018-07-30,1633.62,1633.62,1633.62,1633.62
2018-07-31,1630.09,1630.09,1630.09,1630.09
2018-08-01,1627.91,1627.91,1627.91,1627.91
2018-08-02,1644.36,1644.36,1644.36,1644.36
2018-08-03,1645.35,1645.35,1645.35,1645.35
2018-08-06,1645.25,1645.25,1645.25,1645.25
2018-08-07,1651.89,1651.89,1651.89,1651.89
2018-08-08,1635.33,1635.33,1635.33,1635.33
2018-08-09,1630.38,1630.38,1630.38,1630.38
2018-08-10,1626.35,1626.35,1626.35,1626.35
2018-08-13,1626.97,1626.97,1626.97,1626.97
2018-08-14,1625.86,1625.86,1625.86,1625.86
2018-08-15,1627.89,1627.89,1627.89,1627.89
2018-08-16,1623.4,1623.4,1623.4,1623.4
2018-08-17,1633.93,1633.93,1633.93,1633.93
2018-08-20,1621.08,1621.08,1621.08,1621.08
2018-08-21,1623.57,1623.57,1623.57,1623.57
2018-08-22,1628.61,1628.61,1628.61,1628.61
2018-08-23,1632.18,1632.18,1632.18,1632.18
2018-08-27,1629.15,1629.15,1629.15,1629.15
2018-08-28,1632.77,1632.77,1632.77,1632.77
2018-08-29,1634.29,1634.29,1634.29,1634.29
2018-08-30,1633.25,1633.25,1633.25,1633.25
2018-08-31,1629.67,1629.67,1629.67,1629.67
2018-09-03,1631.36,1631.36,1631.36,1631.36
2018-09-04,1630.88,1630.88,1630.88,1630.88
2018-09-05,1631.46,1631.46,1631.46,1631.46
2018-09-06,1630.68,1630.68,1630.68,1630.68
2018-09-07,1625.44,1625.44,1625.44,1625.44
2018-09-10,1627.69,1627.69,1627.69,1627.69
2018-09-11,1627.65,1627.65,1627.65,1627.65
2018-09-12,1632.63,1632.63,1632.63,1632.63
2018-09-13,1643.39,1643.39,1643.39,1643.39
2018-09-14,1643.47,1643.47,1643.47,1643.47
2018-09-17,1643.47,1643.47,1643.47,1643.47
2018-09-18,1637.3,1637.3,1637.3,1637.3
2018-09-19,1641.83,1641.83,1641.83,1641.83
2018-09-20,1635.36,1635.36,1635.36,1635.36
2018-09-21,1637.76,1637.76,1637.76,1637.76
2018-09-24,1626.51,1626.51,1626.51,1626.51
2018-09-25,1634.21,1634.21,1634.21,1634.21
2018-09-26,1638.46,1638.46,1638.46,1638.46
2018-09-27,1655.94,1655.94,1655.94,1655.94
2018-09-28,1657.65,1657.65,1657.65,1657.65
2018-10-01,1657.95,1657.95,1657.95,1657.95
2018-10-02,1647.02,1647.02,1647.02,1647.02
2018-10-03,1652.11,1652.11,1652.11,1652.11
2018-10-04,1669.75,1669.75,1669.75,1669.75
2018-10-05,1669.75,1669.75,1669.75,1669.75
2018-10-08,1678.08,1678.08,1678.08,1678.08
2018-10-09,1678.08,1678.08,1678.08,1678.08
2018-10-10,1678.08,1678.08,1678.08,1678.08
2018-10-11,1710,1710,1710,1710
2018-10-12,1690.55,1690.55,1690.55,1690.55
2018-10-16,1698.18,1698.18,1698.18,1698.18
2018-10-17,1738.23,1738.23,1738.23,1738.23
2018-10-18,1721.56,1721.56,1721.56,1721.56
2018-10-19,1731.22,1731.22,1731.22,1731.22
2018-10-22,1719.67,1719.67,1719.67,1719.67
2018-10-23,1723.98,1723.98,1723.98,1723.98
2018-10-24,1724.62,1724.62,1724.62,1724.62
2018-10-25,1724.62,1724.62,1724.62,1724.62
2018-10-26,1727.43,1727.43,1727.43,1727.43
2018-10-29,1732.48,1732.48,1732.48,1732.48
2018-10-30,1738.04,1738.04,1738.04,1738.04
2018-10-31,1740.81,1740.81,1740.81,1740.81
2018-11-01,1743.54,1743.54,1743.54,1743.54
2018-11-02,1743.54,1743.54,1743.54,1743.54
2018-11-05,1753.17,1753.17,1753.17,1753.17
2018-11-06,1779.31,1779.31,1779.31,1779.31
2018-11-07,1786.65,1786.65,1786.65,1786.65
2018-11-08,1786.65,1786.65,1786.65,1786.65
2018-11-09,1791.23,1791.23,1791.23,1791.23
2018-11-12,1790.91,1790.91,1790.91,1790.91
2018-11-13,1796.53,1796.53,1796.53,1796.53
2018-11-14,1796.53,1796.53,1796.53,1796.53
2018-11-15,1796.53,1796.53,1796.53,1796.53
2018-11-16,1797.89,1797.89,1797.89,1797.89
2018-11-19,1785.81,1785.81,1785.81,1785.81
2018-11-20,1785.81,1785.81,1785.81,1785.81
2018-11-21,1765.24,1765.24,1765.24,1765.24
2018-11-22,1765.24,1765.24,1765.24,1765.24
2018-11-23,1765.24,1765.24,1765.24,1765.24
2018-11-26,1773.14,1773.14,1773.14,1773.14
2018-11-27,1738.25,1738.25,1738.25,1738.25
2018-11-28,1738.25,1738.25,1738.25,1738.25
2018-11-29,1738.25,1738.25,1738.25,1738.25
2018-11-30,1748.31,1748.31,1748.31,1748.31
2018-12-03,1748.31,1748.31,1748.31,1748.31
2018-12-04,1786.58,1786.58,1786.58,1786.58
2018-12-05,1793.69,1793.69,1793.69,1793.69
2018-12-06,1793.69,1793.69,1793.69,1793.69
2018-12-07,1793.69,1793.69,1793.69,1793.69
2018-12-10,1793.69,1793.69,1793.69,1793.69
2018-12-11,1785.27,1785.27,1785.27,1785.27
2018-12-12,1760.07,1760.07,1760.07,1760.07
2018-12-13,1746.17,1746.17,1746.17,1746.17
2018-12-14,1705.22,1705.22,1705.22,1705.22
2018-12-17,1705.22,1705.22,1705.22,1705.22
2018-12-18,1705.04,1705.04,1705.04,1705.04
2018-12-19,1705.04,1705.04,1705.04,1705.04
2018-12-20,1705.04,1705.04,1705.04,1705.04
2018-12-21,1705.04,1705.04,1705.04,1705.04
2018-12-26,1705.04,1705.04,1705.04,1705.04
2018-12-27,1705.04,1705.04,1705.04,1705.04
2018-12-28,1705.04,1705.04,1705.04,1705.04
2019-01-03,1710.65,1710.65,1710.65,1710.65
2019-01-04,1710.65,1710.65,1710.65,1710.65
2019-01-08,1710.65,1710.65,1710.65,1710.65
2019-01-09,1710.65,1710.65,1710.65,1710.65
2019-01-10,1710.65,1710.65,1710.65,1710.65
2019-01-11,1710.65,1710.65,1710.65,1710.65
2019-01-14,1710.65,1710.65,1710.65,1710.65
2019-01-15,1710.65,1710.65,1710.65,1710.65
2019-01-16,1710.65,1710.65,1710.65,1710.65
2019-01-17,1710.65,1710.65,1710.65,1710.65
2019-01-18,1710.65,1710.65,1710.65,1710.65
2019-01-21,1710.65,1710.65,1710.65,1710.65
2019-01-22,1710.65,1710.65,1710.65,1710.65
2019-01-23,1710.65,1710.65,1710.65,1710.65
2019-01-24,1710.65,1710.65,1710.65,1710.65
2019-01-25,1710.65,1710.65,1710.65,1710.65
2019-01-28,1710.65,1710.65,1710.65,1710.65
2019-01-29,1710.65,1710.65,1710.65,1710.65
2019-01-30,1710.65,1710.65,1710.65,1710.65
2019-01-31,1710.65,1710.65,1710.65,1710.65
2019-02-01,1710.65,1710.65,1710.65,1710.65
2019-02-04,1710.65,1710.65,1710.65,1710.65
2019-02-05,1710.65,1710.65,1710.65,1710.65
2019-02-06,1710.65,1710.65,1710.65,1710.65
2019-02-07,1705.71,1705.71,1705.71,1705.71
2019-02-08,1702.11,1702.11,1702.11,1702.11
2019-02-11,1696.45,1696.45,1696.45,1696.45
2019-02-12,1696.71,1696.71,1696.71,1696.71
2019-02-13,1698.81,1698.81,1698.81,1698.81
2019-02-14,1687.43,1687.43,1687.43,1687.43
2019-02-15,1690.15,1690.15,1690.15,1690.15
2019-02-18,1690.69,1690.69,1690.69,1690.69
2019-02-19,1689.37,1689.37,1689.37,1689.37
2019-02-20,1699.74,1699.74,1699.74,1699.74
2019-02-21,1692.4,1692.4,1692.4,1692.4
2019-02-22,1693.2,1693.2,1693.2,1693.2
2019-02-25,1688.24,1688.24,1688.24,1688.24
2019-02-26,1698.21,1698.21,1698.21,1698.21
2019-02-27,1707.15,1707.15,1707.15,1707.15
2019-02-28,1698.54,1698.54,1698.54,1698.54
2019-03-01,1704.66,1704.66,1704.66,1704.66
2019-03-04,1700.15,1700.15,1700.15,1700.15
2019-03-05,1694.67,1694.67,1694.67,1694.67
2019-03-06,1691.28,1691.28,1691.28,1691.28
2019-03-07,1690.05,1690.05,1690.05,1690.05
2019-03-11,1692.62,1692.62,1692.62,1692.62
2019-03-12,1695.04,1695.04,1695.04,1695.04
2019-03-13,1696.23,1696.23,1696.23,1696.23
2019-03-15,1700.69,1700.69,1700.69,1700.69
2019-03-18,1700.69,1700.69,1700.69,1700.69
2019-03-19,1699.73,1699.73,1699.73,1699.73
2019-03-20,1706.74,1706.74,1706.74,1706.74
2019-03-21,1701.29,1701.29,1701.29,1701.29
2019-03-22,1707.17,1707.17,1707.17,1707.17
2019-03-25,1683.75,1683.75,1683.75,1683.75
2019-03-26,1684.75,1714.78,1684.75,1714.78
2019-03-27,1714.78,1714.78,1714.78,1714.78
2019-03-28,1714.78,1715.7,1714.78,1715.7
2019-03-29,1715.7,1723.59,1715.7,1723.59
2019-04-01,1723.59,1747.33,1721.03,1747.33
2019-04-02,1747.33,1747.33,1741.36,1741.36
2019-04-03,1741.36,1743.51,1741.36,1743.51
2019-04-04,1743.51,1743.51,1743.51,1743.51
2019-04-05,1743.51,1743.51,1743.51,1743.51
2019-04-08,1743.51,1743.51,1743.51,1743.51
2019-04-09,1743.51,1743.51,1743.51,1743.51
2019-04-10,1743.51,1743.51,1743.51,1743.51
2019-04-11,1743.51,1743.51,1743.51,1743.51
2019-04-12,1743.51,1743.51,1690.91,1690.91
2019-04-15,1690.91,1690.91,1689.38,1689.38
2019-04-16,1689.38,1689.38,1689.38,1689.38
2019-04-17,1689.38,1689.38,1689.38,1689.38
2019-04-18,1689.38,1689.38,1689.38,1689.38
2019-04-19,1689.38,1689.38,1689.38,1689.38
2019-04-22,1689.38,1689.38,1689.38,1689.38
2019-04-23,1689.38,1689.38,1689.38,1689.38
2019-04-24,1689.38,1692.44,1689.38,1692.44
2019-04-25,1692.44,1692.44,1692.44,1692.44
2019-04-26,1692.44,1692.44,1692.44,1692.44
2019-05-02,1692.44,1692.44,1679.29,1679.29
2019-05-03,1679.29,1679.29,1679.29,1679.29
2019-05-06,1679.29,1695.5,1679.29,1695.5
2019-05-07,1695.5,1695.5,1695.5,1695.5
2019-05-08,1695.5,1706.22,1695.5,1706.22
2019-05-10,1706.22,1706.22,1706.22,1706.22
2019-05-13,1706.22,1719.37,1706.22,1706.59
2019-05-14,1706.59,1706.59,1706.59,1706.59
2019-05-15,1706.59,1715.11,1706.59,1715.11
2019-05-16,1715.11,1715.11,1715.11,1715.11
2019-05-17,1715.11,1715.11,1710.85,1710.85
2019-05-20,1710.85,1710.85,1710.85,1710.85
2019-05-21,1710.85,1727.19,1710.85,1727.19
2019-05-22,1727.19,1727.19,1727.19,1727.19
2019-05-23,1727.19,1727.19,1727.19,1727.19
2019-05-24,1727.19,1727.19,1721.93,1721.93
2019-05-27,1721.93,1721.93,1696.37,1696.37
2019-05-28,1696.37,1745.9,1693.31,1745.9
2019-05-29,1745.9,1745.9,1745.9,1745.9
2019-05-30,1745.9,1745.9,1744.76,1744.76
2019-05-31,1744.76,1744.76,1734.04,1734.04
2019-06-03,1734.04,1734.04,1731.75,1731.75
2019-06-04,1731.75,1731.75,1731.75,1731.75
2019-06-05,1731.75,1731.75,1731.75,1731.75
2019-06-06,1731.75,1731.75,1727.06,1727.06
2019-06-07,1727.06,1727.06,1710.44,1710.44
2019-06-10,1710.44,1710.44,1684.14,1684.14
2019-06-11,1684.14,1684.14,1647.16,1647.16
2019-06-12,1647.16,1647.16,1647.16,1647.16
2019-06-13,1647.16,1647.16,1647.16,1647.16
2019-06-14,1647.16,1647.16,1647.16,1647.16
2019-06-18,1647.16,1647.16,1643.25,1643.25
2019-06-19,1643.25,1651.71,1609.77,1609.77
2019-06-20,1609.77,1609.77,1609.77,1609.77
2019-06-21,1609.77,1609.77,1609.77,1609.77
2019-06-24,1609.77,1609.77,1605.81,1605.81
2019-06-25,1605.81,1622,1605.81,1622
2019-06-26,1622,1622.78,1622,1622.78
2019-06-27,1622.78,1652.31,1622.78,1652.31
2019-07-01,1652.31,1652.31,1631.32,1631.32
2019-07-02,1631.32,1631.32,1601.35,1601.35
2019-07-03,1601.35,1627.73,1601.35,1627.73
2019-07-04,1627.73,1627.73,1627.73,1627.73
2019-07-05,1627.73,1627.73,1627.73,1627.73
2019-07-08,1627.73,1627.73,1608.8,1608.8
2019-07-09,1608.8,1608.8,1608.8,1608.8
2019-07-10,1608.8,1608.8,1608.8,1608.8
2019-07-11,1608.8,1608.8,1608.8,1608.8
2019-07-12,1608.8,1608.8,1594.41,1594.41
2019-07-15,1594.41,1594.41,1594.41,1594.41
2019-07-16,1594.41,1594.41,1594.41,1594.41
2019-07-17,1594.41,1594.41,1593.63,1593.63
2019-07-18,1593.63,1594.41,1593.63,1594.41
2019-07-19,1594.41,1597.54,1575.64,1593.63
2019-07-22,1593.63,1593.63,1587.99,1587.99
2019-07-23,1587.99,1604.56,1587.99,1597.37
2019-07-24,1597.37,1598.31,1587.52,1587.52
2019-07-25,1587.52,1587.52,1587.52,1587.52
2019-07-26,1587.52,1587.52,1587.52,1587.52
2019-07-29,1587.52,1614.96,1587.52,1614.96
2019-07-30,1614.96,1614.96,1603.24,1603.24
2019-07-31,1603.24,1610.91,1601.91,1601.91
2019-08-01,1601.91,1601.91,1601.91,1601.91
2019-08-02,1601.91,1601.91,1583.93,1583.93
2019-08-05,1583.93,1619.9,1583.93,1619.9
2019-08-06,1619.9,1619.9,1619.9,1619.9
2019-08-07,1619.9,1619.9,1618.1,1618.1
2019-08-08,1618.1,1618.1,1582.99,1582.99
2019-08-09,1582.99,1582.99,1582.99,1582.99
2019-08-12,1582.99,1582.99,1582.99,1582.99
2019-08-13,1582.99,1582.99,1573.95,1573.95
2019-08-14,1573.95,1573.95,1573.95,1573.95
2019-08-15,1573.95,1573.95,1573.95,1573.95
2019-08-16,1573.95,1582.94,1573.95,1582.94
2019-08-19,1582.94,1594.66,1582.94,1594.66
2019-08-20,1594.66,1594.66,1570.68,1579.67
2019-08-21,1579.67,1579.67,1567.68,1567.68
2019-08-22,1567.68,1567.68,1555.69,1555.69
2019-08-23,1555.69,1555.69,1555.69,1555.69
2019-08-27,1555.69,1565.09,1553.1,1553.1
2019-08-28,1553.1,1558.49,1517.13,1517.13
2019-08-29,1517.13,1517.13,1517.13,1517.13
2019-08-30,1517.13,1546.16,1517.13,1537.71
2019-09-02,1537.71,1537.71,1537.71,1537.71
2019-09-03,1537.71,1537.71,1537.71,1537.71
2019-09-04,1537.71,1541.61,1533.8,1533.8
2019-09-05,1533.8,1548.76,1514.87,1548.76
2019-09-06,1548.76,1549.7,1548.76,1549.7
2019-09-09,1549.7,1549.7,1545.01,1545.01
2019-09-10,1545.01,1545.01,1537.97,1537.97
2019-09-11,1537.97,1551.92,1537.97,1551.92
2019-09-12,1551.92,1556.69,1551.92,1556.69
2019-09-13,1556.69,1572.1,1556.69,1557.71
2019-09-16,1557.71,1561.74,1557.71,1561.74
2019-09-17,1561.74,1561.74,1561.74,1561.74
2019-09-18,1561.74,1570.62,1561.74,1570.62
2019-09-19,1570.62,1570.62,1570.62,1570.62
2019-09-20,1570.62,1571.44,1570.62,1571.44
2019-09-23,1571.44,1571.44,1534.71,1534.71
2019-09-24,1534.71,1539.79,1534.71,1539.79
2019-09-25,1539.79,1539.79,1539.79,1539.79
2019-09-26,1539.79,1561.74,1539.79,1561.74
2019-09-27,1561.74,1561.74,1561.74,1561.74
2019-09-30,1561.74,1561.74,1561.74,1561.74
2019-10-01,1561.74,1561.74,1534.3,1534.3
2019-10-02,1534.3,1534.3,1526.26,1526.26
2019-10-03,1526.26,1531.33,1526.26,1531.33
2019-10-04,1531.33,1531.33,1526.26,1526.26
2019-10-07,1526.26,1535.41,1520.77,1535.41
2019-10-08,1535.41,1536.23,1517.94,1533.84
2019-10-09,1533.84,1533.84,1528.87,1528.87
2019-10-10,1528.87,1528.87,1517.94,1517.94
2019-10-11,1517.94,1517.94,1516.67,1516.67
2019-10-15,1516.67,1516.67,1516.67,1516.67
2019-10-16,1516.67,1516.67,1516.67,1516.67
2019-10-17,1516.67,1520.41,1513.01,1520.41
2019-10-18,1520.41,1520.41,1520.41,1520.41
2019-10-21,1520.41,1520.41,1516.3,1516.3
2019-10-22,1516.3,1522.49,1516.3,1522.49
2019-10-23,1522.49,1522.49,1515.18,1515.18
2019-10-24,1515.18,1515.18,1513.53,1515.18
2019-10-25,1515.18,1533.47,1515.18,1533.47
2019-10-28,1533.47,1534.95,1528.61,1528.61
2019-10-29,1528.61,1528.61,1513.97,1513.97
2019-10-30,1513.97,1513.97,1509.86,1509.86
2019-10-31,1509.86,1517.17,1507.39,1517.17
2019-11-01,1517.17,1519.71,1514.64,1514.64
2019-11-04,1514.64,1516.28,1514.64,1516.28
2019-11-05,1516.28,1524.5,1491.87,1491.87
2019-11-06,1491.87,1492.28,1491.87,1492.28
2019-11-07,1492.28,1492.69,1492.28,1492.69
2019-11-08,1492.69,1495.64,1492.69,1495.64
2019-11-11,1495.64,1505.09,1495.64,1505.09
2019-11-12,1505.09,1515.24,1495.07,1495.07
2019-11-13,1495.07,1495.07,1487.46,1487.46
2019-11-14,1487.46,1487.46,1487.46,1487.46
2019-11-15,1487.46,1487.46,1487.46,1487.46
2019-11-18,1487.46,1498.44,1487.46,1498.44
2019-11-19,1498.44,1498.44,1498.44,1498.44
2019-11-20,1498.44,1524.05,1498.44,1524.05
2019-11-21,1524.05,1524.05,1516.28,1516.28
2019-11-22,1516.28,1516.28,1505.71,1508.25
2019-11-25,1508.25,1513.74,1508.25,1513.74
2019-11-26,1513.74,1516.21,1503.52,1511.13
2019-11-27,1511.13,1511.13,1476.08,1476.08
2019-11-28,1476.08,1485.23,1476.08,1485.23
2019-11-29,1485.23,1492.59,1485.23,1492.59
2019-12-02,1492.59,1492.59,1492.59,1492.59
2019-12-03,1492.59,1492.59,1490.53,1490.53
2019-12-04,1490.53,1494.23,1490.53,1494.23
2019-12-05,1494.23,1494.64,1494.23,1494.64
2019-12-06,1494.64,1494.64,1494.64,1494.64
2019-12-09,1494.64,1494.64,1481.95,1481.95
2019-12-10,1481.95,1489.57,1479.42,1479.42
2019-12-11,1479.42,1485.33,1479.42,1485.33
2019-12-12,1485.33,1485.33,1485.33,1485.33
2019-12-13,1485.33,1487.87,1485.33,1487.87
2019-12-16,1487.87,1500.02,1480.58,1500.02
2019-12-17,1500.02,1500.02,1500.02,1500.02
2019-12-18,1500.02,1500.02,1500.02,1500.02
2019-12-19,1500.02,1514.52,1500.02,1514.52
2019-12-20,1514.52,1514.52,1497.52,1497.52
2019-12-23,1497.52,1497.99,1497.52,1497.99
2019-12-24,1497.99,1529.22,1497.99,1529.22
2019-12-26,1529.22,1545.51,1529.22,1533.36
2019-12-27,1533.36,1533.36,1509.07,1518.72
2020-01-03,1518.72,1518.72,1518.72,1518.72
2020-01-08,1518.72,1532.09,1518.72,1530.12
2020-01-09,1530.12,1530.12,1526.47,1528.44
2020-01-10,1528.44,1528.44,1504.96,1504.96
2020-01-13,1504.96,1504.96,1504.96,1504.96
2020-01-14,1504.96,1508.9,1504.96,1508.9
2020-01-15,1508.9,1515.98,1508.9,1515.98
2020-01-16,1515.98,1515.98,1511.12,1511.12
2020-01-17,1511.12,1515.06,1511.12,1515.06
2020-01-20,1515.06,1515.06,1515.06,1515.06
2020-01-21,1515.06,1515.06,1507.97,1507.97
2020-01-22,1507.97,1507.97,1495.82,1495.82
2020-01-23,1495.82,1504.62,1483.92,1503.44
2020-01-24,1503.44,1506.17,1485.25,1506.17
2020-01-27,1506.17,1522.33,1506.17,1518.6
2020-01-28,1518.6,1518.6,1513.99,1513.99
2020-01-29,1513.99,1518.63,1508.91,1508.91
2020-01-30,1508.91,1510.23,1506.84,1510.23
2020-01-31,1510.23,1512.59,1510.23,1512.59
2020-02-03,1512.59,1531.79,1512.59,1529.36
2020-02-04,1529.36,1554.24,1526.93,1544.52
2020-02-05,1544.52,1581.55,1544.52,1559.04
2020-02-06,1559.04,1595.48,1559.04,1595.48
2020-02-07,1595.48,1610.13,1595.48,1610.13
2020-02-10,1610.13,1625.97,1610.13,1625.97
2020-02-11,1625.97,1625.97,1625.97,1625.97
2020-02-12,1625.97,1625.97,1625.88,1625.88
2020-02-13,1625.88,1625.88,1544.57,1560.79
2020-02-14,1560.79,1573.79,1559.22,1573.79
2020-02-17,1573.79,1615.91,1573.79,1615.91
2020-02-18,1615.91,1617.49,1615.91,1616.7
2020-02-19,1616.7,1617.67,1605.52,1616.41
2020-02-20,1616.41,1617.11,1616.17,1617.11
2020-02-21,1617.11,1617.11,1616.17,1616.17
2020-02-24,1616.17,1616.17,1615.44,1615.44
2020-02-25,1615.44,1615.44,1588.42,1588.42
2020-02-26,1588.42,1588.42,1588.42,1588.42
2020-02-27,1588.42,1589.96,1578.06,1585.1
2020-02-28,1585.1,1586.46,1563.3,1586.46
2020-03-02,1586.46,1591.32,1562.72,1562.72
2020-03-03,1562.72,1570.59,1562.72,1570.59
2020-03-04,1570.59,1584.69,1556.16,1556.16
2020-03-05,1556.16,1578.91,1556.16,1578.91
2020-03-06,1578.91,1578.91,1533.36,1549.95
2020-03-10,1549.95,1559.53,1525.75,1532.8
2020-03-11,1532.8,1543.31,1518.55,1518.55
2020-03-12,1518.55,1518.55,1508.83,1508.83
2020-03-13,1508.83,1516.71,1479.4,1479.4
2020-03-16,1479.4,1479.4,1451.5,1451.5
2020-03-17,1451.5,1451.5,1447.5,1447.5
2020-03-18,1447.5,1447.5,1432.62,1432.62
2020-03-19,1432.62,1432.62,1432.62,1432.62
2020-03-20,1432.62,1447.5,1394.79,1394.79
2020-03-23,1394.79,1415.22,1390.67,1390.67
2020-03-24,1390.67,1390.67,1385.89,1390.67
2020-03-25,1390.67,1390.67,1389.93,1389.93
2020-03-26,1389.93,1398.75,1389.93,1398.75
2020-03-27,1398.75,1404.13,1396.69,1404.13
2020-03-30,1404.13,1404.13,1404.13,1404.13
2020-03-31,1404.13,1404.13,1404.13,1404.13
2020-04-01,1404.13,1405.97,1394.94,1405.97
2020-04-02,1405.97,1405.97,1405.97,1405.97
2020-04-03,1405.97,1420.1,1405.97,1420.1
2020-04-06,1420.1,1420.1,1420.1,1420.1
2020-04-07,1420.1,1420.1,1420.1,1420.1
2020-04-08,1420.1,1432.01,1420.1,1432.01
2020-04-09,1432.01,1432.01,1432.01,1432.01
2020-04-10,1432.01,1432.01,1431.26,1431.26
2020-04-13,1431.26,1431.26,1397.64,1397.64
2020-04-14,1397.64,1397.64,1397.64,1397.64
2020-04-15,1397.64,1397.64,1334.35,1334.35
2020-04-16,1334.35,1334.35,1332.67,1332.67
2020-04-17,1332.67,1332.67,1313.32,1313.32
2020-04-21,1313.32,1335.37,1313.32,1335.37
2020-04-22,1335.37,1339.84,1335.37,1339.84
2020-04-23,1339.84,1344.47,1319.18,1334.06
2020-04-24,1334.06,1372.86,1334.06,1346.18
2020-04-27,1346.18,1346.18,1346.18,1346.18
2020-04-28,1346.18,1377.75,1315.75,1366.27
2020-04-29,1366.27,1366.27,1333.69,1333.69
2020-04-30,1333.69,1333.69,1276.52,1280.93
2020-05-04,1280.93,1280.93,1280.93,1280.93
2020-05-05,1280.93,1307.61,1280.93,1307.61
2020-05-06,1307.61,1307.61,1303.89,1303.89
2020-05-07,1303.89,1303.89,1300.17,1300.17
2020-05-08,1300.17,1320.24,1300.17,1320.24
2020-05-12,1320.24,1354.68,1320.24,1354.68
2020-05-13,1354.68,1354.68,1350.96,1350.96
2020-05-14,1350.96,1350.96,1350.96,1350.96
2020-05-15,1350.96,1350.96,1347.24,1349.54
2020-05-18,1349.54,1349.54,1347.24,1347.24
2020-05-19,1347.24,1360.48,1347.24,1360.48
2020-05-20,1360.48,1360.48,1322.69,1331.63
2020-05-21,1331.63,1331.63,1309.58,1309.58
2020-05-22,1309.58,1320.73,1298.68,1298.68
2020-05-25,1298.68,1298.68,1298.68,1298.68
2020-05-26,1298.68,1309.71,1298.68,1309.71
2020-05-27,1309.71,1328.17,1309.71,1328.17
2020-05-28,1328.17,1350.15,1328.17,1350.15
2020-05-29,1350.15,1367.8,1350.15,1367.8
2020-06-01,1367.8,1367.8,1356.09,1356.09
2020-06-02,1356.09,1356.09,1345.75,1345.75
2020-06-03,1345.75,1352.44,1345.75,1352.44
2020-06-04,1352.44,1352.44,1352.44,1352.44
2020-06-05,1352.44,1352.44,1352.44,1352.44
2020-06-09,1352.44,1354.74,1352.44,1354.74
2020-06-10,1354.74,1358.46,1354.74,1358.46
2020-06-11,1358.46,1365.9,1358.46,1365.9
2020-06-12,1365.9,1365.9,1365.9,1365.9
2020-06-15,1365.9,1365.9,1365.9,1365.9
2020-06-16,1365.9,1365.9,1362.08,1362.08
2020-06-17,1362.08,1362.08,1358.26,1358.26
2020-06-18,1358.26,1375.32,1358.26,1375.32
2020-06-19,1375.32,1375.32,1350.54,1354.36
2020-06-22,1354.36,1354.36,1352.45,1352.45
2020-06-23,1352.45,1357.41,1352.45,1357.41
2020-06-24,1357.41,1363.13,1357.41,1358.18
2020-06-25,1358.18,1358.18,1346.4,1346.4
2020-06-26,1346.4,1346.4,1318.94,1318.94
2020-06-30,1318.94,1363.22,1318.94,1363.22
2020-07-01,1363.22,1363.22,1248,1248
2020-07-02,1248,1256.38,1234.93,1256.38
2020-07-03,1256.38,1256.38,1256.38,1256.38
2020-07-06,1256.38,1271.33,1256.38,1271.33
2020-07-07,1271.33,1273.23,1271.33,1273.23
2020-07-08,1273.23,1285.02,1261.45,1266.41
2020-07-09,1266.41,1266.41,1266.41,1266.41
2020-07-10,1266.41,1281.83,1266.03,1281.83
2020-07-13,1281.83,1281.83,1280.3,1280.3
2020-07-14,1280.3,1297.74,1280.3,1297.74
2020-07-15,1297.74,1297.74,1297.74,1297.74
2020-07-16,1297.74,1299.27,1297.74,1299.27
2020-07-17,1299.27,1299.27,1297.74,1297.74
2020-07-20,1297.74,1299.27,1279.38,1279.38
2020-07-21,1279.38,1279.38,1270.3,1270.3
2020-07-22,1270.3,1274.11,1270.3,1274.11
2020-07-23,1274.11,1274.11,1256.77,1256.77
2020-07-24,1256.77,1300.42,1256.77,1300.42
2020-07-27,1300.42,1310.34,1300.42,1310.34
2020-07-28,1310.34,1314.16,1310.34,1314.16
2020-07-29,1314.16,1324.16,1314.16,1324.16
2020-07-30,1324.16,1324.16,1289.98,1318.25
2020-07-31,1318.25,1318.25,1293.97,1293.97
2020-08-03,1293.97,1297.78,1290.15,1297.78
2020-08-04,1297.78,1297.78,1270.59,1271.36
2020-08-05,1271.36,1276.31,1271.36,1276.31
2020-08-06,1276.31,1276.31,1266.4,1266.4
2020-08-07,1266.4,1266.4,1266.4,1266.4
2020-08-10,1266.4,1268.69,1266.4,1266.48
2020-08-11,1266.48,1280.14,1266.48,1280.14
2020-08-12,1280.14,1310.68,1280.14,1310.68
2020-08-13,1310.68,1310.68,1285.9,1285.9
2020-08-14,1285.9,1285.9,1278.26,1278.26
2020-08-17,1278.26,1278.26,1266.81,1270.63
2020-08-18,1270.63,1284.14,1270.63,1284.14
2020-08-19,1284.14,1299.41,1284.14,1299.41
2020-08-20,1299.41,1301.76,1299.41,1301.76
2020-08-21,1301.76,1306.72,1291.45,1291.45
2020-08-25,1291.45,1296.41,1291.45,1296.41
2020-08-26,1296.41,1304.04,1296.41,1304.04
2020-08-27,1304.04,1323.09,1280.54,1323.09
2020-08-28,1323.09,1323.09,1318.45,1318.45
2020-08-31,1318.45,1319.73,1318.45,1319.73
2020-09-01,1319.73,1319.73,1301.06,1301.06
2020-09-02,1301.06,1320.51,1276.77,1320.51
2020-09-03,1320.51,1320.51,1315.24,1319.74
2020-09-04,1319.74,1319.74,1319.74,1319.74
2020-09-07,1319.74,1319.74,1268.23,1268.23
2020-09-08,1268.23,1297.96,1258.31,1288.05
2020-09-09,1288.05,1293.78,1288.05,1293.78
2020-09-10,1293.78,1300.4,1290.56,1290.56
2020-09-11,1290.56,1290.56,1290.56,1290.56
2020-09-14,1290.56,1295.27,1272.77,1272.77
2020-09-15,1272.77,1272.77,1265.34,1265.34
2020-09-16,1265.34,1305.33,1262.79,1284.98
2020-09-17,1284.98,1284.98,1270.36,1270.36
2020-09-18,1270.36,1278.05,1270.36,1278.05
2020-09-21,1278.05,1278.05,1267.88,1267.88
2020-09-22,1267.88,1274.83,1267.88,1270.26
2020-09-23,1270.26,1283.57,1264.33,1268.17
2020-09-24,1268.17,1289.79,1266.14,1289.79
2020-09-25,1289.79,1289.79,1289.79,1289.79
2020-09-28,1289.79,1310.14,1289.79,1310.14
2020-09-29,1310.14,1312.52,1310.14,1312.52
2020-09-30,1312.52,1312.52,1298.49,1308.33
2020-10-01,1308.33,1330.62,1308.33,1330.62
2020-10-02,1330.62,1330.62,1330.62,1330.62
2020-10-05,1330.62,1335.37,1330.62,1335.37
2020-10-06,1335.37,1340.98,1328.44,1340.98
2020-10-07,1340.98,1340.98,1337.13,1337.13
2020-10-08,1337.13,1342.59,1325.58,1328.54
2020-10-09,1328.54,1328.54,1328.54,1328.54
2020-10-12,1328.54,1328.54,1270.8,1280.23
2020-10-13,1280.23,1281.77,1273.67,1273.67
2020-10-15,1273.67,1278.87,1266.55,1278.87
2020-10-16,1278.87,1306.34,1278.87,1306.34
2020-10-19,1306.34,1306.34,1280.84,1280.84
2020-10-20,1280.84,1287.76,1280.84,1287.76
2020-10-21,1287.76,1290.31,1287.76,1290.31
2020-10-22,1290.31,1290.31,1290.31,1290.31
2020-10-23,1290.31,1295.39,1290.31,1295.39
2020-10-26,1295.39,1295.39,1295.39,1295.39
2020-10-27,1295.39,1296.58,1295.39,1296.58
2020-10-28,1296.58,1309.3,1296.58,1306.76
2020-10-29,1306.76,1314.45,1306.76,1314.45
2020-10-30,1314.45,1324.19,1311.45,1311.45
2020-11-02,1311.45,1315.3,1311.45,1315.3
2020-11-03,1315.3,1339.89,1315.3,1339.89
2020-11-04,1339.89,1339.89,1339.89,1339.89
2020-11-05,1339.89,1361.27,1339.89,1361.27
2020-11-06,1361.27,1379.89,1361.27,1379.89
2020-11-09,1379.89,1379.89,1379.89,1379.89
2020-11-10,1379.89,1379.89,1353.54,1363.04
2020-11-11,1363.04,1367.96,1363.04,1367.96
2020-11-12,1367.96,1367.96,1367.96,1367.96
2020-11-13,1367.96,1375.59,1367.96,1375.59
2020-11-16,1375.59,1381.99,1375.59,1381.99
2020-11-17,1381.99,1414.9,1379.44,1414.9
2020-11-18,1414.9,1418.75,1414.9,1418.75
2020-11-19,1418.75,1427.62,1418.68,1419.99
2020-11-20,1419.99,1419.99,1417.45,1417.45
2020-11-23,1417.45,1449.96,1417.45,1449.96
2020-11-24,1449.96,1454.28,1449.96,1454.28
2020-11-25,1454.28,1456.4,1452.56,1456.4
2020-11-26,1456.4,1466.73,1446.23,1465.81
2020-11-27,1465.81,1468.35,1465.81,1468.35
2020-11-30,1468.35,1490.07,1468.35,1490.07
2020-12-01,1490.07,1499.74,1490.07,1499.74
2020-12-02,1499.74,1521.56,1487.86,1521.56
2020-12-03,1521.56,1528.68,1521.05,1521.05
2020-12-04,1521.05,1521.05,1515.73,1515.73
2020-12-07,1515.73,1515.73,1515.73,1515.73
2020-12-08,1515.73,1534.2,1515.73,1531.52
2020-12-09,1531.52,1531.52,1519.87,1519.87
2020-12-10,1519.87,1519.87,1503.24,1503.24
2020-12-11,1503.24,1510.37,1503.24,1510.37
2020-12-14,1510.37,1523.09,1504.41,1504.41
2020-12-15,1504.41,1504.41,1484.54,1489.01
2020-12-16,1489.01,1492.76,1489.01,1490.28
2020-12-17,1490.28,1508.64,1490.28,1508.64
2020-12-18,1508.64,1527.8,1497.73,1527.8
2020-12-21,1527.8,1527.8,1490.21,1517.24
2020-12-22,1517.24,1541.33,1517.24,1541.33
2020-12-23,1541.33,1577.39,1541.33,1577.39
2020-12-24,1577.39,1581.15,1577.39,1581.15
2020-12-28,1581.15,1586.12,1578.6,1578.6
2020-12-29,1578.6,1582.36,1550.01,1561.06
2020-12-30,1561.06,1651.85,1561.06,1617.08
2021-01-04,1617.08,1627.1,1617.08,1627.1
2021-01-05,1627.1,1627.1,1564.9,1567.13
2021-01-06,1567.13,1576.05,1567.13,1576.05
2021-01-11,1576.05,1631.68,1576.05,1631.68
2021-01-12,1631.68,1655.44,1621.97,1621.97
2021-01-13,1621.97,1631.91,1611.9,1631.91
2021-01-14,1631.91,1641.84,1615.65,1615.65
2021-01-15,1615.65,1637.46,1615.65,1637.46
2021-01-18,1637.46,1677.95,1637.46,1677.95
2021-01-19,1677.95,1689.1,1677.95,1689.1
2021-01-20,1689.1,1689.1,1689.1,1689.1
2021-01-21,1689.1,1689.1,1689.1,1689.1
2021-01-22,1689.1,1689.1,1681.58,1681.58
2021-01-25,1681.58,1681.58,1670.43,1670.43
2021-01-26,1670.43,1670.43,1665.46,1665.46
2021-01-27,1665.46,1676.74,1665.46,1676.74
2021-01-28,1676.74,1676.74,1655.53,1655.53
2021-01-29,1655.53,1665.46,1655.53,1665.46
2021-02-01,1665.46,1683.09,1656.54,1664.29
2021-02-02,1664.29,1680.86,1662.06,1678.37
2021-02-03,1678.37,1683.31,1678.37,1683.31
2021-02-04,1683.31,1721.24,1683.31,1717.74
2021-02-05,1717.74,1778.39,1717.74,1765.97
2021-02-08,1765.97,1765.97,1765.97,1765.97
2021-02-09,1765.97,1788.39,1765.97,1773.49
2021-02-10,1773.49,1788.39,1773.49,1788.39
2021-02-11,1788.39,1788.39,1782.11,1782.11
2021-02-12,1782.11,1789.63,1782.11,1789.63
2021-02-15,1789.63,1789.63,1769.55,1769.55
2021-02-16,1769.55,1821.93,1769.55,1821.93
2021-02-17,1821.93,1821.93,1821.93,1821.93
2021-02-18,1821.93,1869.51,1816.96,1864.29
2021-02-19,1864.29,1864.29,1862.41,1862.41
2021-02-22,1862.41,1862.41,1793.32,1794.33
2021-02-23,1794.33,1794.33,1734.26,1734.26
2021-02-24,1734.26,1759.36,1734.26,1759.36
2021-02-25,1759.36,1769.36,1754.4,1754.4
2021-02-26,1754.4,1776.88,1747.63,1776.88
2021-03-01,1776.88,1789.46,1762.09,1789.46
2021-03-02,1789.46,1794.29,1774.42,1794.29
2021-03-03,1794.29,1822.9,1749.67,1822.9
2021-03-04,1822.9,1822.9,1749.68,1749.68
2021-03-05,1749.68,1768.29,1749.68,1768.29
2021-03-09,1768.29,1768.29,1760.77,1760.77
2021-03-10,1760.77,1792.13,1757.01,1792.13
2021-03-11,1792.13,1792.13,1762.05,1767.01
2021-03-12,1767.01,1767.01,1767.01,1767.01
2021-03-15,1767.01,1776.95,1767.01,1776.95
2021-03-16,1776.95,1776.95,1774.31,1774.31
2021-03-17,1774.31,1774.31,1774.31,1774.31
2021-03-18,1774.31,1786.31,1774.31,1786.31
2021-03-19,1786.31,1806.48,1786.31,1797.54
2021-03-22,1797.54,1797.54,1775.62,1775.62
2021-03-23,1775.62,1775.62,1749.07,1749.47
2021-03-24,1749.47,1838.24,1749.47,1789.71
2021-03-25,1789.71,1836.91,1789.71,1832.98
2021-03-26,1832.98,1879,1832.98,1879
2021-03-29,1879,1893.61,1872.56,1872.56
2021-03-30,1872.56,1874.58,1865.41,1874.58
2021-03-31,1874.58,1904.84,1872.56,1874.58
2021-04-01,1874.58,1908.35,1874.58,1906.34
2021-04-02,1906.34,1906.34,1899.03,1899.03
2021-04-05,1899.03,1902.85,1898.02,1902.85
2021-04-06,1902.85,1902.85,1885.7,1892.09
2021-04-07,1892.09,1892.09,1890.07,1890.07
2021-04-08,1890.07,1890.07,1865.07,1869.9
2021-04-09,1869.9,1869.9,1834.35,1834.35
2021-04-12,1834.35,1834.35,1786.69,1796.78
2021-04-13,1796.78,1796.78,1796.78,1796.78
2021-04-14,1796.78,1799.63,1782.3,1796.42
2021-04-15,1796.42,1809.35,1771.02,1771.02
2021-04-16,1771.02,1807.33,1771.02,1796.39
2021-04-19,1796.39,1837.99,1796.39,1828.28
2021-04-20,1828.28,1828.28,1816.32,1816.32
2021-04-21,1816.32,1816.32,1778.99,1800.04
2021-04-22,1800.04,1852.49,1800.04,1800.04
2021-04-23,1800.04,1836.37,1800.04,1836.37
2021-04-26,1836.37,1836.37,1794.4,1806.1
2021-04-27,1806.1,1864.41,1794.4,1821.48
2021-04-28,1821.48,1871.71,1821.48,1829.15
2021-04-29,1829.15,1864.03,1792.08,1792.08
2021-04-30,1792.08,1880.57,1792.08,1880.57
2021-05-05,1880.57,1883.91,1880.57,1883.91
2021-05-06,1883.91,1883.91,1829.64,1829.64
2021-05-07,1829.64,1879.87,1812.45,1812.45
2021-05-11,1812.45,1868.53,1812.45,1868.53
2021-05-12,1868.53,1868.53,1822.33,1862.48
2021-05-13,1862.48,1866.52,1822.54,1851.91
2021-05-14,1851.91,1867.96,1804.97,1833.66
2021-05-17,1833.66,1883.9,1812.05,1878.23
2021-05-18,1878.23,1931.73,1810.88,1931.53
2021-05-19,1931.53,1932.11,1837.89,1849.79
2021-05-20,1849.79,1955.29,1849.79,1931.36
2021-05-21,1931.36,1994.69,1931.36,1956.36
2021-05-24,1956.36,1968.47,1934.92,1953.08
2021-05-25,1953.08,1964.18,1953.08,1962.72
2021-05-26,1962.72,2005.08,1942.75,2004.82
2021-05-27,2004.82,2004.82,1944.9,1973.41
2021-05-28,1973.41,2007.1,1965.7,1967.77
2021-05-31,1967.77,1980.88,1933.98,1933.98
2021-06-01,1933.98,1958.34,1911.63,1919.89
2021-06-02,1919.89,1954.83,1917.73,1954.83
2021-06-03,1954.83,1954.83,1918.97,1939.59
2021-06-04,1939.59,1956.39,1923.81,1944.04
2021-06-07,1944.04,1959.57,1940.88,1940.88
2021-06-08,1940.88,1961.44,1934.12,1954.48
2021-06-09,1954.48,1966.58,1948.9,1948.9
2021-06-10,1948.9,1996.39,1930.94,1996.39
2021-06-11,1996.39,1996.39,1938.03,1938.03
2021-06-14,1938.03,1942.67,1841.19,1903.07
2021-06-15,1903.07,1903.07,1851.02,1851.75
2021-06-16,1851.75,1875.36,1851.75,1875.36
2021-06-17,1875.36,1875.36,1811.51,1811.51
2021-06-18,1811.51,1819.95,1811.51,1819.95
2021-06-22,1819.95,1825.28,1819.95,1825.28
2021-06-23,1825.28,1888.72,1825.28,1846.75
2021-06-24,1846.75,1858.37,1846.75,1856.79
2021-06-25,1856.79,1877.28,1856.79,1877.28
2021-06-29,1877.28,1907.48,1877.28,1907.48
2021-06-30,1907.48,1961.38,1907.48,1961.38
2021-07-01,1961.38,1961.38,1945.48,1945.64
2021-07-02,1945.64,1945.64,1924.48,1929.75
2021-07-05,1929.75,1929.75,1929.75,1929.75
2021-07-06,1929.75,1971.99,1929.75,1940.1
2021-07-07,1940.1,1956.93,1934.83,1956.93
2021-07-08,1956.93,1956.93,1942.78,1942.78
2021-07-09,1942.78,1942.78,1942.78,1942.78
2021-07-12,1942.78,1966.7,1942.78,1950.75
2021-07-13,1950.75,1950.75,1913.89,1913.89
2021-07-14,1913.89,1929.84,1913.89,1929.84
2021-07-15,1929.84,1929.84,1929.84,1929.84
2021-07-16,1929.84,1929.84,1929.84,1929.84
2021-07-19,1929.84,1929.84,1890.14,1919.26
2021-07-20,1919.26,1936.8,1919.26,1936.8
2021-07-21,1936.8,1936.8,1930.76,1930.92
2021-07-22,1930.92,1930.92,1921.38,1921.38
2021-07-23,1921.38,1921.38,1885.56,1892.74
2021-07-26,1892.74,1892.74,1851.48,1851.48
2021-07-27,1851.48,1869.01,1840.05,1869.01
2021-07-28,1869.01,1881.73,1869.01,1881.73
2021-07-29,1881.73,1892.27,1881.73,1892.27
2021-07-30,1892.27,1915.18,1892.27,1915.18
2021-08-02,1915.18,1915.18,1915.18,1915.18
2021-08-03,1915.18,1915.18,1915.18,1915.18
2021-08-04,1915.18,1925.72,1891.47,1891.47
2021-08-05,1891.47,1915.86,1870.2,1870.2
2021-08-06,1870.2,1882.16,1870.2,1882.16
2021-08-09,1882.16,1899.22,1870.36,1899.22
2021-08-10,1899.22,1899.38,1877.04,1877.04
2021-08-11,1877.04,1880.23,1877.04,1880.23
2021-08-12,1880.23,1925.45,1880.23,1925.45
2021-08-13,1925.45,1925.45,1903.23,1916.66
2021-08-16,1916.66,1916.66,1904.7,1904.7
2021-08-17,1904.7,1916.66,1898.58,1898.58
2021-08-18,1898.58,1898.58,1886.62,1888.22
2021-08-19,1888.22,1888.22,1859.63,1861.14
2021-08-20,1861.14,1861.14,1861.14,1861.14
2021-08-25,1861.14,1864.63,1836.77,1846.36
2021-08-26,1846.36,1871.06,1846.36,1869.48
2021-08-27,1869.48,1869.48,1850.45,1850.45
2021-08-30,1850.45,1850.45,1848.86,1848.86
2021-08-31,1848.86,1893.83,1848.86,1893.83
2021-09-01,1893.83,1909.73,1850.62,1850.62
2021-09-02,1850.62,1867.61,1850.62,1862.34
2021-09-03,1862.34,1862.34,1846.44,1846.44
2021-09-06,1846.44,1855.98,1797.83,1797.83
2021-09-07,1797.83,1797.83,1751.72,1790.93
2021-09-08,1790.93,1806.28,1790.93,1793.83
2021-09-09,1793.83,1829.97,1793.83,1829.97
2021-09-10,1829.97,1840.51,1829.97,1832.56
2021-09-13,1832.56,1832.56,1816.64,1819.32
2021-09-14,1819.32,1819.32,1816.69,1816.69
2021-09-15,1816.69,1821.96,1816.69,1821.96
2021-09-16,1821.96,1821.96,1815.19,1819.56
2021-09-17,1819.56,1819.56,1810.78,1810.78
2021-09-20,1810.78,1863.45,1777.53,1777.53
2021-09-21,1777.53,1786.31,1777.53,1786.31
2021-09-22,1786.31,1786.31,1781.45,1781.45
2021-09-23,1781.45,1781.45,1781.45,1781.45
2021-09-24,1781.45,1781.45,1781.45,1781.45
2021-09-27,1781.45,1824.81,1781.45,1816.78
2021-09-28,1816.78,1816.78,1816.78,1816.78
2021-09-29,1816.78,1816.78,1816.78,1816.78
2021-09-30,1816.78,1832.31,1813.62,1832.31
2021-10-01,1832.31,1840.34,1832.31,1840.34
2021-10-04,1840.34,1840.34,1832.31,1832.31
2021-10-05,1832.31,1832.31,1777.62,1786.4
2021-10-06,1786.4,1826.91,1786.4,1826.91
2021-10-07,1826.91,1842.98,1826.91,1842.98
2021-10-08,1842.98,1870.19,1842.98,1843.86
2021-10-11,1843.86,1852.46,1801.04,1801.04
2021-10-12,1801.04,1801.04,1792.27,1797.13
2021-10-13,1797.13,1802.4,1797.13,1802.4
2021-10-18,1802.4,1836.02,1797.13,1836.02
2021-10-19,1836.02,1836.02,1785.45,1799.13
2021-10-20,1799.13,1811.18,1799.13,1811.18
2021-10-21,1811.18,1811.18,1777.15,1777.15
2021-10-22,1777.15,1777.15,1752.84,1752.84
2021-10-25,1752.84,1752.84,1752.84,1752.84
2021-10-26,1752.84,1802,1752.84,1800.24
2021-10-27,1800.24,1843.6,1775.66,1843.6
2021-10-28,1843.6,1843.6,1831.54,1843.6
2021-10-29,1843.6,1846.93,1838.33,1838.33
2021-11-01,1838.33,1892.31,1838.33,1888.47
2021-11-02,1888.47,1896.5,1888.47,1896.5
2021-11-03,1896.5,1926.85,1887.72,1909.3
2021-11-04,1909.3,1926.85,1840.21,1840.21
2021-11-05,1840.21,1874.44,1823.44,1823.44
2021-11-08,1823.44,1843.98,1814.14,1814.14
2021-11-09,1814.14,1850.17,1814.14,1850.17
2021-11-10,1850.17,1857.86,1843.76,1843.76
2021-11-11,1843.76,1872.12,1843.76,1872.12
2021-11-12,1872.12,1872.12,1828.4,1837.64
2021-11-15,1837.64,1837.64,1816.76,1816.76
2021-11-16,1816.76,1816.76,1816.76,1816.76
2021-11-17,1816.76,1816.76,1816.76,1816.76
2021-11-18,1816.76,1847.65,1790.43,1817.81
2021-11-19,1817.81,1835.36,1817.81,1833.91
2021-11-22,1833.91,1833.91,1803.12,1803.12
2021-11-23,1803.12,1803.12,1774.75,1788.8
2021-11-24,1788.8,1805.48,1788.8,1804.6
2021-11-25,1804.6,1806.35,1804.6,1806.35
2021-11-26,1806.35,1845.24,1806.35,1827.69
2021-11-29,1827.69,1862.8,1827.69,1845.24
2021-11-30,1845.24,1876.09,1845.24,1865.5
2021-12-01,1865.5,1872.53,1865.5,1868.05
2021-12-02,1868.05,1868.05,1864.54,1867.75
2021-12-03,1867.75,1867.75,1854.57,1858.08
2021-12-06,1858.08,1859.86,1813.74,1813.74
2021-12-07,1813.74,1827.59,1807.51,1810.39
2021-12-08,1810.39,1810.39,1792.18,1792.18
2021-12-09,1792.18,1795.53,1765.23,1772.93
2021-12-10,1772.93,1788.73,1741.63,1741.63
2021-12-13,1741.63,1741.85,1730.1,1730.1
2021-12-14,1730.1,1738.93,1722.86,1734.91
2021-12-15,1734.91,1743.69,1734.91,1735.65
2021-12-16,1735.65,1735.65,1722.01,1728.84
2021-12-17,1728.84,1735.68,1728.84,1728.84
2021-12-20,1728.84,1728.84,1714.55,1725.79
2021-12-21,1725.79,1729.24,1707.21,1708.35
2021-12-22,1708.35,1729.1,1708.35,1719.68
2021-12-23,1719.68,1735.38,1711.05,1735.38
2021-12-24,1735.38,1738.13,1716.67,1716.67
2021-12-28,1716.67,1718.94,1706.3,1706.3
2021-12-29,1706.3,1723.35,1706.3,1722.65
2021-12-30,1722.65,1774.08,1695.19,1738.24
2022-01-04,1738.24,1738.24,1733.75,1733.75
2022-01-05,1733.75,1733.75,1721.6,1721.6
2022-01-06,1721.6,1735.3,1719.38,1735.3
2022-01-10,1735.3,1735.3,1735.3,1735.3
2022-01-11,1735.3,1750.98,1735.3,1746.88
2022-01-12,1746.88,1758.25,1699.35,1724.61
2022-01-13,1724.61,1767.35,1724.61,1767.35
2022-01-14,1767.35,1767.35,1735.25,1746.95
2022-01-17,1746.95,1746.95,1744.68,1744.68
2022-01-18,1744.68,1746.55,1740.69,1746.55
2022-01-19,1746.55,1746.55,1742.12,1742.12
2022-01-20,1742.12,1742.12,1710.29,1710.29
2022-01-21,1710.29,1723.93,1703.44,1712.41
2022-01-24,1712.41,1712.41,1685.07,1685.07
2022-01-25,1685.07,1723.8,1685.07,1723.8
2022-01-26,1723.8,1734.93,1721.65,1721.92
2022-01-27,1721.92,1737.83,1680.13,1680.13
2022-01-28,1680.13,1746.19,1680.13,1746.19
2022-01-31,1746.19,1747.95,1700.11,1700.11
2022-02-01,1700.11,1704.53,1699.23,1704.53
2022-02-02,1704.53,1735.5,1704.53,1733.29
2022-02-03,1733.29,1746.3,1733.29,1743.22
2022-02-04,1743.22,1743.22,1727.36,1727.36
2022-02-07,1727.36,1733.99,1696.81,1729.56
2022-02-08,1729.56,1729.56,1699.97,1718.16
2022-02-09,1718.16,1727.7,1709.71,1709.71
2022-02-10,1709.71,1714.26,1693.96,1693.96
2022-02-11,1693.96,1713.73,1693.96,1713.73
2022-02-14,1713.73,1714.26,1696.06,1696.06
2022-02-15,1696.06,1709.7,1696.06,1709.7
2022-02-16,1709.7,1723.19,1682.19,1717.35
2022-02-17,1717.35,1785.48,1711.82,1785.48
2022-02-18,1785.48,1796.03,1765.74,1774.84
2022-02-21,1774.84,1803.77,1766.02,1766.02
2022-02-22,1766.02,1787.89,1718.72,1759.73
2022-02-23,1759.73,1792.64,1718.5,1718.5
2022-08-10,1707.43,1707.43,1680.87,1680.87
2022-08-11,1680.87,1719.52,1678.38,1678.38
2022-08-12,1678.38,1678.38,1616.75,1616.75
2022-08-15,1616.75,1657.74,1616.75,1655.47
2022-08-16,1655.47,1656.61,1655.24,1656.43
2022-08-17,1656.43,1660.86,1656.43,1660.86
2022-08-19,1660.86,1689.56,1660.86,1689.56
2022-08-22,1689.56,1689.56,1634.9,1643.75
2022-08-23,1643.75,1643.75,1575,1575
2022-08-24,1575,1576.14,1560.34,1560.34
2022-08-25,1560.34,1560.34,1516.29,1552.86
2022-08-26,1552.86,1553.09,1551.72,1553.09
2022-08-29,1553.09,1578.16,1553.09,1578.16
2022-08-30,1578.16,1578.16,1562.9,1562.9
2022-08-31,1562.9,1562.9,1511.66,1517.26
2022-09-01,1517.26,1517.26,1509.3,1509.3
2022-09-02,1509.3,1509.3,1495.96,1495.96
2022-09-05,1495.96,1495.96,1440.63,1440.63
2022-09-06,1440.63,1461.66,1440.63,1461.66
2022-09-07,1461.66,1473.05,1461.66,1473.05
2022-09-08,1473.05,1473.05,1450.31,1457.25
2022-09-09,1457.25,1457.25,1456.16,1456.16
2022-09-12,1456.16,1458.91,1453.45,1453.62
2022-09-13,1453.62,1464.99,1448.04,1449.5
2022-09-14,1449.5,1476.62,1449.27,1476.62
2022-09-15,1476.62,1486.21,1460.24,1486.21
2022-09-16,1486.21,1502.12,1486.21,1501.65
2022-09-19,1501.65,1501.65,1490.28,1498.22
2022-09-20,1498.22,1498.22,1498.22,1498.22
2022-09-21,1498.22,1534.54,1498.22,1533.21
2022-09-22,1533.21,1533.21,1523.47,1532.24
2022-09-23,1532.24,1532.24,1498.14,1507.96
2022-09-26,1507.96,1507.96,1496.59,1496.59
2022-09-27,1496.59,1496.59,1496.59,1496.59
2022-09-28,1496.59,1496.59,1476.38,1476.38
2022-09-29,1476.38,1487.24,1476.38,1487.24
2022-09-30,1487.24,1522.84,1481.38,1522.84
2022-10-03,1522.84,1522.84,1522.84,1522.84
2022-10-04,1522.84,1525.11,1514.72,1514.72
2022-10-05,1514.72,1514.72,1502.56,1509.39
2022-10-06,1509.39,1509.39,1500.62,1500.62
2022-10-07,1500.62,1500.89,1477.42,1477.42
2022-10-10,1477.42,1477.42,1450.09,1456.93
2022-10-11,1456.93,1467.11,1444.97,1467.11
2022-10-12,1467.11,1467.11,1429.03,1429.03
2022-10-13,1429.03,1435.67,1406.12,1406.12
2022-10-14,1406.12,1441.33,1406.12,1407.22
2022-10-17,1407.22,1407.22,1398.13,1398.13
2022-10-18,1398.13,1420.83,1398.13,1420.81
2022-10-19,1420.81,1429.58,1416.38,1427.72
2022-10-20,1427.72,1427.72,1406.28,1406.28
2022-10-21,1406.28,1406.28,1406.28,1406.28
2022-10-24,1406.28,1406.28,1406.28,1406.28
2022-10-25,1406.28,1406.28,1406.28,1406.28
2022-10-26,1406.28,1447.28,1406.28,1447.28
2022-10-27,1447.28,1456.13,1447.28,1456.13
2022-10-28,1456.13,1474.32,1456.13,1456.77
2022-10-31,1456.77,1456.77,1456.77,1456.77
2022-11-01,1456.77,1456.77,1404.48,1404.48
2022-11-02,1404.48,1404.48,1402.2,1402.2
2022-11-03,1402.2,1402.2,1388.92,1388.92
2022-11-04,1388.92,1388.92,1377.55,1377.55
2022-11-07,1377.55,1377.55,1375.1,1375.1
2022-11-08,1375.1,1375.21,1375.1,1375.21
2022-11-09,1375.21,1375.21,1352.48,1357.02
2022-11-10,1357.02,1357.91,1357.02,1357.91
2022-11-11,1357.91,1358.13,1357.91,1358.13
2022-11-14,1358.13,1370.35,1358.13,1370.35
2022-11-15,1370.35,1370.75,1357.24,1357.24
2022-11-16,1357.24,1372.46,1357.24,1372.46
2022-11-17,1372.46,1374.73,1372.46,1374.73
2022-11-18,1374.73,1379.93,1374.73,1379.93
2022-11-21,1379.93,1387.4,1379.93,1387.4
2022-11-22,1387.4,1403.67,1387.4,1403.67
2022-11-23,1403.67,1409.58,1403.67,1409.58
2022-11-24,1409.58,1411.85,1409.58,1411.85
2022-11-25,1411.85,1414.13,1405.51,1405.51
2022-11-28,1405.51,1409.95,1405.51,1409.95
2022-11-29,1409.95,1409.95,1398.58,1405.23
2022-11-30,1405.23,1405.23,1405.23,1405.23
2022-12-01,1405.23,1405.23,1405.23,1405.23
2022-12-02,1405.23,1405.23,1360.17,1369.49
2022-12-05,1369.49,1389.55,1369.49,1389.55
2022-12-06,1389.55,1391.83,1389.55,1391.83
2022-12-07,1391.83,1397.23,1391.83,1397.23
2022-12-08,1397.23,1401.28,1397.23,1401.28
2022-12-09,1401.28,1401.54,1399.11,1401.54
2022-12-12,1401.54,1409.62,1401.54,1409.62
2022-12-13,1409.62,1409.77,1383.62,1388.05
2022-12-14,1388.05,1433.52,1378.95,1433.52
2022-12-15,1433.52,1433.52,1425.39,1432.03
2022-12-16,1432.03,1432.03,1420.22,1425.99
2022-12-19,1425.99,1567.44,1425.99,1567.44
2022-12-20,1567.44,1573.32,1567.44,1573.01
2022-12-21,1573.01,1573.13,1573.01,1573.13
2022-12-22,1573.13,1590.21,1573.13,1590.21
2022-12-23,1590.21,1590.21,1578.67,1578.98
2022-12-27,1578.98,1636.02,1577.44,1577.44
2022-12-28,1577.44,1577.44,1577.44,1577.44
2022-12-29,1577.44,1577.44,1577.44,1577.44
2022-12-30,1577.44,1577.44,1565.9,1565.9
2023-01-03,1565.9,1577.44,1565.9,1577.44
2023-01-04,1577.44,1577.44,1577.44,1577.44
2023-01-05,1577.44,1577.44,1573.31,1573.31
2023-01-06,1573.31,1573.31,1573.31,1573.31
2023-01-09,1573.31,1573.31,1573.31,1573.31
2023-01-10,1573.31,1573.31,1573.31,1573.31
2023-01-11,1573.31,1573.31,1573.31,1573.31
2023-01-12,1573.31,1573.31,1555.99,1555.99
2023-01-13,1555.99,1555.99,1555.99,1555.99
2023-01-16,1555.99,1555.99,1505.18,1505.18
2023-01-17,1505.18,1505.18,1394.41,1394.41
2023-01-18,1394.41,1432.68,1394.41,1432.68
2023-01-19,1432.68,1432.68,1406.69,1406.69
2023-01-20,1406.69,1406.69,1406.69,1406.69
2023-01-23,1406.69,1412.46,1381.16,1394.49
2023-01-24,1394.49,1417.65,1364.72,1417.65
2023-01-25,1417.65,1417.65,1309.3,1309.3
2023-01-26,1309.3,1309.3,1283,1283
2023-01-27,1283,1283,1283,1283
2023-01-30,1283,1306.79,1283,1306.79
2023-01-31,1306.79,1311.4,1306.79,1311.4
2023-02-01,1311.4,1502.68,1311.4,1502.68
2023-02-02,1502.68,1502.68,1387.13,1392.9
2023-02-03,1392.9,1392.9,1392.9,1392.9
2023-02-06,1392.9,1398.67,1392.9,1392.9
2023-02-07,1392.9,1396.68,1390.91,1390.91
2023-02-08,1390.91,1400.26,1390.91,1400.26
2023-02-09,1400.26,1400.26,1400.26,1400.26
2023-02-10,1400.26,1400.26,1141.7,1141.7
2023-02-13,1141.7,1141.7,1053.81,1053.81
2023-02-14,1053.81,1322.45,1053.81,1322.45
2023-02-15,1322.45,1425.94,1322.45,1397.8
2023-02-16,1397.8,1428.33,1296.66,1310.01
2023-02-17,1310.01,1403.52,1309.61,1403.52
2023-02-20,1403.52,1462.71,1403.52,1462.71
2023-02-21,1462.71,1478.04,1462.71,1478.04
2023-02-22,1478.04,1508.23,1428.22,1428.22
2023-02-23,1428.22,1428.22,1411.72,1411.72
2023-02-24,1411.72,1429.86,1411.6,1416.64
2023-02-27,1416.64,1416.64,1376.84,1376.84
2023-02-28,1376.84,1376.84,1256.72,1256.72
2023-03-01,1256.72,1356.33,1256.72,1356.33
2023-03-02,1356.33,1359.38,1356.33,1359.38
2023-03-03,1359.38,1398.23,1359.38,1395.45
2023-03-06,1395.45,1452.71,1395.45,1452.71
2023-03-07,1452.71,1471.12,1447.39,1448.84
2023-03-08,1448.84,1479.74,1434.74,1479.74
2023-03-09,1479.74,1479.74,1472.66,1472.66
2023-03-10,1472.66,1472.66,1458.6,1458.6
2023-03-13,1458.6,1479.86,1458.6,1477.37
2023-03-14,1477.37,1491.39,1477.37,1491.39
2023-03-15,1491.39,1520.73,1491.39,1505.83
2023-03-16,1505.83,1505.83,1491.15,1491.15
2023-03-17,1491.15,1492.86,1478.18,1487.21
2023-03-20,1487.21,1508.31,1487.21,1500.08
2023-03-21,1500.08,1510.04,1500.08,1510.04
2023-03-22,1510.04,1510.04,1508.65,1508.65
2023-03-23,1508.65,1514.59,1508.65,1514.59
2023-03-24,1514.59,1514.59,1499.26,1499.26
2023-03-27,1499.26,1499.61,1461.39,1473.21
2023-03-28,1473.21,1473.91,1452.71,1452.71
2023-03-29,1452.71,1452.76,1451.37,1451.37
2023-03-30,1451.37,2138.93,1451.37,2138.56
2023-03-31,2138.56,2138.56,2138.56,2138.56
2023-04-03,2138.56,2138.56,2128.7,2133.54
2023-04-04,2133.54,2134.31,2091.98,2103.52
2023-04-05,2103.52,2103.52,2097.75,2097.75
2023-04-06,2097.75,2098.56,2097.75,2098.56
2023-04-07,1411.66,1537.83,1385.91,1537.83
2023-04-10,1537.83,1561.01,1444.28,1482.19
2023-04-11,1482.19,1491.82,1482.19,1491.82
2023-04-12,1491.82,1495.37,1486.05,1493.58
2023-04-13,1493.58,1496.58,1481.55,1481.55
2023-04-14,1481.55,1547.16,1479.33,1547.16
2023-04-17,1547.16,1560.35,1542.91,1548.8
2023-04-18,1548.8,1548.8,1525.72,1545.92
2023-04-19,1545.92,1566.12,1517.75,1517.75
2023-04-20,1517.75,1547.03,1517.75,1547.03
2023-04-21,1547.03,1547.03,1535.09,1535.09
2023-04-24,1535.09,1535.09,1527.13,1527.13
2023-04-25,1527.13,1538.09,1488.34,1488.34
2023-04-26,1488.34,1550.17,1482.37,1550.17
2023-04-27,1550.17,1592.22,1550.17,1592.22
2023-04-28,1592.22,1604.65,1592.22,1604.65
2023-05-01,1604.65,1607.38,1604.65,1607.38
2023-05-02,1607.38,1607.38,1607.38,1607.38
2023-05-03,1607.38,1623.26,1595.84,1623.26
2023-05-04,1623.26,1644.78,1623.26,1644.78
2023-05-05,1644.78,1648.29,1614.43,1622.92
2023-05-08,1622.92,1691.71,1622.92,1691.71
2023-05-09,1691.71,1742.5,1691.71,1742.5
2023-05-10,1742.5,1742.5,1718.58,1718.58
2023-05-11,1718.58,1718.58,1704.4,1704.4
2023-05-12,1704.4,1718.22,1704.4,1718.22
2023-05-15,1718.22,1721.33,1718.22,1721.33
2023-05-16,1721.33,1731.44,1716.19,1731.44
2023-05-17,1731.44,1739.07,1731.44,1739.07
2023-05-18,1739.07,1739.07,1739.07,1739.07
2023-05-19,1739.07,1739.07,1715.99,1738.54
2023-05-22,1738.54,1742.55,1738.54,1742.4
2023-05-23,1742.4,1742.4,1735.46,1739.44
2023-05-24,1739.44,1764.89,1739.44,1764.89
